{"v":"5.9.6","fr":30,"ip":0,"op":86,"w":1600,"h":1600,"nm":"Item 4","ddd":0,"assets":[{"id":"comp_0","nm":"All","fr":30,"layers":[{"ddd":0,"ind":1,"ty":0,"nm":"Harcakan","refId":"comp_1","sr":1,"ks":{"o":{"a":0,"k":100},"r":{"a":0,"k":0},"p":{"a":0,"k":[800,800,0]},"a":{"a":0,"k":[800,800,0]},"s":{"a":0,"k":[100,100,100]}},"ao":0,"hasMask":true,"masksProperties":[{"inv":false,"mode":"a","pt":{"a":0,"k":{"i":[[0,0],[0,0],[0,0],[0,0]],"o":[[0,0],[0,0],[0,0],[0,0]],"v":[[1069,684],[782,684],[782,969],[1069,969]],"c":true}},"o":{"a":0,"k":100},"x":{"a":0,"k":0},"nm":"Mask 1"}],"w":1600,"h":1600,"ip":0,"op":120,"st":0,"ct":1,"bm":0},{"ddd":0,"ind":2,"ty":0,"nm":"gcer","refId":"comp_2","sr":1,"ks":{"o":{"a":0,"k":100},"r":{"a":0,"k":0},"p":{"a":0,"k":[800,800,0]},"a":{"a":0,"k":[800,800,0]},"s":{"a":0,"k":[100,100,100]}},"ao":0,"w":1600,"h":1600,"ip":0,"op":120,"st":0,"ct":1,"bm":0},{"ddd":0,"ind":3,"ty":4,"nm":"Layer 9","sr":1,"ks":{"o":{"a":0,"k":100},"r":{"a":0,"k":0},"p":{"a":0,"k":[555.716,818.868,0]},"a":{"a":0,"k":[0,0,0]},"s":{"a":0,"k":[100,100,100]}},"ao":0,"shapes":[{"ty":"gr","it":[{"ind":0,"ty":"sh","ks":{"a":0,"k":{"i":[[0,0],[0,0],[0,28.44],[0,0],[0,0]],"o":[[0,0],[-28.44,0],[0,0],[0,0],[0,0]],"v":[[262.984,196.483],[-211.489,196.483],[-262.984,144.987],[-262.984,-196.483],[262.984,-196.483]],"c":true}},"nm":"Path 1","hd":false},{"ty":"st","c":{"a":0,"k":[0.215686276555,0.239215686917,0.23137255013,1]},"o":{"a":0,"k":100},"w":{"a":0,"k":2},"lc":1,"lj":1,"ml":10,"bm":0,"nm":"Stroke 1","hd":false},{"ty":"fl","c":{"a":0,"k":[1,1,1,1]},"o":{"a":0,"k":100},"r":1,"bm":0,"nm":"Fill 1","hd":false},{"ty":"tr","p":{"a":0,"k":[0,0]},"a":{"a":0,"k":[0,0]},"s":{"a":0,"k":[100,100]},"r":{"a":0,"k":0},"o":{"a":0,"k":100},"sk":{"a":0,"k":0},"sa":{"a":0,"k":0},"nm":"Transform"}],"nm":"Group 1","bm":0,"hd":false}],"ip":0,"op":120,"st":0,"ct":1,"bm":0},{"ddd":0,"ind":4,"ty":4,"nm":"Layer 14 - Group 1","parent":5,"sr":1,"ks":{"o":{"a":0,"k":100},"r":{"a":0,"k":0},"p":{"a":0,"k":[695.335,269.836,0]},"a":{"a":0,"k":[695.335,269.836,0]},"s":{"a":0,"k":[100,100,100]}},"ao":0,"shapes":[{"ty":"gr","it":[{"ind":0,"ty":"sh","ks":{"a":1,"k":[{"i":{"x":0.25,"y":1},"o":{"x":0.33,"y":0},"t":31,"s":[{"i":[[0,0],[0,0]],"o":[[0,0],[0,0]],"v":[[-69.623,0],[69.623,0]],"c":false}]},{"i":{"x":0.25,"y":1},"o":{"x":0.33,"y":0},"t":47,"s":[{"i":[[0,0],[0,0]],"o":[[0,0],[0,0]],"v":[[-29.623,40],[109.623,40]],"c":false}]},{"i":{"x":0.25,"y":1},"o":{"x":0.33,"y":0},"t":69,"s":[{"i":[[0,0],[0,0]],"o":[[0,0],[0,0]],"v":[[-29.623,40],[109.623,40]],"c":false}]},{"t":85,"s":[{"i":[[0,0],[0,0]],"o":[[0,0],[0,0]],"v":[[-69.623,0],[69.623,0]],"c":false}]}]},"nm":"Path 1","hd":false},{"ty":"st","c":{"a":0,"k":[0.215686276555,0.239215686917,0.23137255013,1]},"o":{"a":0,"k":100},"w":{"a":0,"k":2},"lc":1,"lj":1,"ml":10,"bm":0,"nm":"Stroke 1","hd":false},{"ty":"fl","c":{"a":0,"k":[1,1,1,1]},"o":{"a":0,"k":100},"r":1,"bm":0,"nm":"Fill 1","hd":false},{"ty":"tr","p":{"a":0,"k":[695.335,269.836]},"a":{"a":0,"k":[0,0]},"s":{"a":0,"k":[100,100]},"r":{"a":0,"k":0},"o":{"a":0,"k":100},"sk":{"a":0,"k":0},"sa":{"a":0,"k":0},"nm":"Transform"}],"nm":"Group 1","bm":0,"hd":false}],"ip":0,"op":120,"st":0,"ct":1,"bm":0},{"ddd":0,"ind":5,"ty":4,"nm":"Layer 14 - Group 2","sr":1,"ks":{"o":{"a":0,"k":100},"r":{"a":0,"k":0},"p":{"a":0,"k":[699.147,689.911,0]},"a":{"a":0,"k":[500.747,489.911,0]},"s":{"a":0,"k":[100,100,100]}},"ao":0,"shapes":[{"ty":"gr","it":[{"ind":0,"ty":"sh","ks":{"a":1,"k":[{"i":{"x":0.25,"y":1},"o":{"x":0.33,"y":0},"t":31,"s":[{"i":[[0,0],[0,0],[0,0],[0,0],[0,0],[0,0]],"o":[[0,0],[0,0],[0,0],[0,0],[0,0],[0,0]],"v":[[96.434,-240.226],[96.434,-201.283],[-295.472,-201.283],[-295.472,240.226],[295.472,240.226],[295.472,-240.226]],"c":true}]},{"i":{"x":0.25,"y":1},"o":{"x":0.33,"y":0},"t":47,"s":[{"i":[[0,0],[0,0],[0,0],[0,0],[0,0],[0,0]],"o":[[0,0],[0,0],[0,0],[0,0],[0,0],[0,0]],"v":[[136.434,-200.226],[132.434,-161.283],[-255.472,-161.283],[-295.472,240.226],[295.472,240.226],[335.472,-200.226]],"c":true}]},{"i":{"x":0.25,"y":1},"o":{"x":0.33,"y":0},"t":69,"s":[{"i":[[0,0],[0,0],[0,0],[0,0],[0,0],[0,0]],"o":[[0,0],[0,0],[0,0],[0,0],[0,0],[0,0]],"v":[[136.434,-200.226],[132.434,-161.283],[-255.472,-161.283],[-295.472,240.226],[295.472,240.226],[335.472,-200.226]],"c":true}]},{"t":85,"s":[{"i":[[0,0],[0,0],[0,0],[0,0],[0,0],[0,0]],"o":[[0,0],[0,0],[0,0],[0,0],[0,0],[0,0]],"v":[[96.434,-240.226],[96.434,-201.283],[-295.472,-201.283],[-295.472,240.226],[295.472,240.226],[295.472,-240.226]],"c":true}]}]},"nm":"Path 1","hd":false},{"ty":"st","c":{"a":0,"k":[0.215686276555,0.239215686917,0.23137255013,1]},"o":{"a":0,"k":100},"w":{"a":0,"k":2},"lc":1,"lj":1,"ml":10,"bm":0,"nm":"Stroke 1","hd":false},{"ty":"fl","c":{"a":0,"k":[1,1,1,1]},"o":{"a":0,"k":100},"r":1,"bm":0,"nm":"Fill 1","hd":false},{"ty":"tr","p":{"a":0,"k":[499.147,489.911]},"a":{"a":0,"k":[0,0]},"s":{"a":0,"k":[100,100]},"r":{"a":0,"k":0},"o":{"a":0,"k":100},"sk":{"a":0,"k":0},"sa":{"a":0,"k":0},"nm":"Transform"}],"nm":"Group 2","bm":0,"hd":false}],"ip":0,"op":120,"st":0,"ct":1,"bm":0},{"ddd":0,"ind":6,"ty":4,"nm":"Layer 14 - Group 3","sr":1,"ks":{"o":{"a":0,"k":100},"r":{"a":0,"k":0},"p":{"a":0,"k":[684.147,674.911,0]},"a":{"a":0,"k":[484.147,474.911,0]},"s":{"a":0,"k":[100,100,100]}},"ao":0,"shapes":[{"ty":"gr","it":[{"ind":0,"ty":"sh","ks":{"a":0,"k":{"i":[[0,0],[0,0],[0,0],[0,0],[0,0],[0,0],[0,0],[0,0]],"o":[[0,0],[0,0],[0,0],[0,0],[0,0],[0,0],[0,0],[0,0]],"v":[[96.434,-240.226],[96.434,-201.283],[-295.472,-201.283],[-295.472,240.226],[295.472,240.226],[295.472,-184.981],[295.472,-201.283],[295.472,-240.226]],"c":true}},"nm":"Path 1","hd":false},{"ty":"fl","c":{"a":0,"k":[0.215686276555,0.239215686917,0.23137255013,1]},"o":{"a":0,"k":100},"r":1,"bm":0,"nm":"Fill 1","hd":false},{"ty":"tr","p":{"a":0,"k":[484.147,474.911]},"a":{"a":0,"k":[0,0]},"s":{"a":0,"k":[100,100]},"r":{"a":0,"k":0},"o":{"a":0,"k":100},"sk":{"a":0,"k":0},"sa":{"a":0,"k":0},"nm":"Transform"}],"nm":"Group 3","bm":0,"hd":false}],"ip":0,"op":120,"st":0,"ct":1,"bm":0},{"ddd":0,"ind":7,"ty":0,"nm":"Astghikner","refId":"comp_3","sr":1,"ks":{"o":{"a":0,"k":100},"r":{"a":0,"k":0},"p":{"a":0,"k":[800,800,0]},"a":{"a":0,"k":[800,800,0]},"s":{"a":0,"k":[100,100,100]}},"ao":0,"w":1600,"h":1600,"ip":0,"op":120,"st":0,"ct":1,"bm":0}]},{"id":"comp_1","nm":"Harcakan","fr":30,"layers":[{"ddd":0,"ind":1,"ty":4,"nm":"harcakan . ","parent":3,"sr":1,"ks":{"o":{"a":0,"k":100},"r":{"a":0,"k":0},"p":{"a":1,"k":[{"i":{"x":0.25,"y":1},"o":{"x":0.33,"y":0},"t":0,"s":[-6.107,63.398,0],"to":[0,0,0],"ti":[0,0,0]},{"i":{"x":0.67,"y":1},"o":{"x":0.33,"y":0},"t":4,"s":[-6.107,31.098,0],"to":[0,0,0],"ti":[0,0,0]},{"i":{"x":0.67,"y":1},"o":{"x":0.75,"y":0},"t":11,"s":[-6.107,80.398,0],"to":[0,0,0],"ti":[0,0,0]},{"t":16,"s":[-6.107,63.398,0]}]},"a":{"a":0,"k":[716.678,688.884,0]},"s":{"a":0,"k":[100,100,100]}},"ao":0,"shapes":[{"ty":"gr","it":[{"ind":0,"ty":"sh","ks":{"a":0,"k":{"i":[[0,7.772],[-7.772,0],[0,-8.216],[8.216,0]],"o":[[0,-8.216],[7.772,0],[0,7.772],[-7.772,0]],"v":[[-13.213,0.111],[0.111,-13.879],[13.213,0.111],[-0.11,13.879]],"c":true}},"nm":"Path 1","hd":false},{"ty":"fl","c":{"a":0,"k":[1,1,1,1]},"o":{"a":0,"k":100},"r":1,"bm":0,"nm":"Fill 1","hd":false},{"ty":"tr","p":{"a":0,"k":[716.678,688.884]},"a":{"a":0,"k":[0,0]},"s":{"a":0,"k":[100,100]},"r":{"a":0,"k":0},"o":{"a":0,"k":100},"sk":{"a":0,"k":0},"sa":{"a":0,"k":0},"nm":"Transform"}],"nm":"Group 1","bm":0,"hd":false}],"ip":0,"op":120,"st":0,"ct":1,"bm":0},{"ddd":0,"ind":2,"ty":4,"nm":"harcakan","parent":3,"sr":1,"ks":{"o":{"a":0,"k":100},"r":{"a":0,"k":0},"p":{"a":1,"k":[{"i":{"x":0.25,"y":1},"o":{"x":0.33,"y":0},"t":1,"s":[0,-22.428,0],"to":[0,0,0],"ti":[0,0,0]},{"i":{"x":0.67,"y":1},"o":{"x":0.33,"y":0},"t":5,"s":[0,-50.428,0],"to":[0,0,0],"ti":[0,0,0]},{"i":{"x":0.67,"y":1},"o":{"x":0.75,"y":0},"t":12,"s":[0,-6.428,0],"to":[0,0,0],"ti":[0,0,0]},{"t":17,"s":[0,-22.428,0]}]},"a":{"a":0,"k":[722.785,603.057,0]},"s":{"a":0,"k":[100,100,100]}},"ao":0,"shapes":[{"ty":"gr","it":[{"ind":0,"ty":"sh","ks":{"a":0,"k":{"i":[[0,0],[0,0],[-11.104,13.324],[0,9.993],[13.989,0.222],[5.552,-4.219],[0,0],[-11.77,0],[0,-16.877],[10.659,-12.658],[-0.666,-11.325],[0,0]],"o":[[0,0],[-1.332,-11.991],[9.992,-11.769],[0,-11.325],[-7.994,0],[0,0],[7.328,-5.33],[25.537,0],[0,15.1],[-9.771,11.547],[0,0],[0,0]],"v":[[-14.434,54.849],[-14.878,49.076],[-1.11,10.659],[14.434,-19.764],[-6.662,-38.861],[-29.09,-31.977],[-34.419,-45.967],[-2.665,-54.849],[34.419,-22.206],[15.322,16.433],[2.665,49.076],[2.887,54.849]],"c":true}},"nm":"Path 1","hd":false},{"ty":"fl","c":{"a":0,"k":[1,1,1,1]},"o":{"a":0,"k":100},"r":1,"bm":0,"nm":"Fill 1","hd":false},{"ty":"tr","p":{"a":0,"k":[722.785,603.057]},"a":{"a":0,"k":[0,0]},"s":{"a":0,"k":[100,100]},"r":{"a":0,"k":0},"o":{"a":0,"k":100},"sk":{"a":0,"k":0},"sa":{"a":0,"k":0},"nm":"Transform"}],"nm":"Group 2","bm":0,"hd":false}],"ip":0,"op":120,"st":0,"ct":1,"bm":0},{"ddd":0,"ind":3,"ty":4,"nm":"kaput fon harcakani","sr":1,"ks":{"o":{"a":0,"k":100},"r":{"a":0,"k":0},"p":{"a":0,"k":[922.785,825.485,0]},"a":{"a":0,"k":[0,0,0]},"s":{"a":0,"k":[100,100,100]}},"ao":0,"shapes":[{"ty":"gr","it":[{"ind":0,"ty":"sh","ks":{"a":0,"k":{"i":[[0,0],[0,0],[0,0],[0,0]],"o":[[0,0],[0,0],[0,0],[0,0]],"v":[[135.574,135.574],[-135.574,135.574],[-135.574,-135.574],[135.574,-135.574]],"c":true}},"nm":"Path 1","hd":false},{"ty":"fl","c":{"a":0,"k":[0.051,0.58,0.533]},"o":{"a":0,"k":100},"r":1,"bm":0,"nm":"Fill 1","hd":false},{"ty":"tr","p":{"a":0,"k":[0,0]},"a":{"a":0,"k":[0,0]},"s":{"a":0,"k":[100,100]},"r":{"a":0,"k":0},"o":{"a":0,"k":100},"sk":{"a":0,"k":0},"sa":{"a":0,"k":0},"nm":"Transform"}],"nm":"Group 1","bm":0,"hd":false}],"ip":0,"op":120,"st":0,"ct":1,"bm":0}]},{"id":"comp_2","nm":"gcer","fr":30,"layers":[{"ddd":0,"ind":1,"ty":4,"nm":"sev qarakusi","sr":1,"ks":{"o":{"a":0,"k":100},"r":{"a":0,"k":0},"p":{"a":0,"k":[449.299,756.818,0]},"a":{"a":0,"k":[0,0,0]},"s":{"a":0,"k":[100,100,100]}},"ao":0,"shapes":[{"ty":"gr","it":[{"ind":0,"ty":"sh","ks":{"a":0,"k":{"i":[[0,0],[0,0],[0,0],[0,0]],"o":[[0,0],[0,0],[0,0],[0,0]],"v":[[88.919,66.433],[-88.919,66.433],[-88.919,-66.433],[88.919,-66.433]],"c":true}},"nm":"Path 1","hd":false},{"ty":"fl","c":{"a":0,"k":[0.215686276555,0.239215686917,0.23137255013,1]},"o":{"a":0,"k":100},"r":1,"bm":0,"nm":"Fill 1","hd":false},{"ty":"tr","p":{"a":0,"k":[0,0]},"a":{"a":0,"k":[0,0]},"s":{"a":0,"k":[100,100]},"r":{"a":0,"k":0},"o":{"a":0,"k":100},"sk":{"a":0,"k":0},"sa":{"a":0,"k":0},"nm":"Transform"}],"nm":"Group 1","bm":0,"hd":false}],"ip":0,"op":120,"st":0,"ct":1,"bm":0},{"ddd":0,"ind":2,"ty":4,"nm":"gic 1/2","sr":1,"ks":{"o":{"a":0,"k":100},"r":{"a":0,"k":0},"p":{"a":0,"k":[449.299,864.679,0]},"a":{"a":0,"k":[0,0,0]},"s":{"a":0,"k":[100,100,100]}},"ao":0,"shapes":[{"ty":"gr","it":[{"ind":0,"ty":"sh","ks":{"a":0,"k":{"i":[[0,0],[0,0]],"o":[[0,0],[0,0]],"v":[[-88.919,0],[88.919,0]],"c":false}},"nm":"Path 1","hd":false},{"ty":"st","c":{"a":0,"k":[0.215686276555,0.239215686917,0.23137255013,1]},"o":{"a":0,"k":100},"w":{"a":0,"k":2},"lc":1,"lj":1,"ml":10,"bm":0,"nm":"Stroke 1","hd":false},{"ty":"fl","c":{"a":0,"k":[1,1,1,1]},"o":{"a":0,"k":100},"r":1,"bm":0,"nm":"Fill 1","hd":false},{"ty":"tr","p":{"a":0,"k":[0,0]},"a":{"a":0,"k":[0,0]},"s":{"a":0,"k":[100,100]},"r":{"a":0,"k":0},"o":{"a":0,"k":100},"sk":{"a":0,"k":0},"sa":{"a":0,"k":0},"nm":"Transform"}],"nm":"Group 1","bm":0,"hd":false},{"ty":"tm","s":{"a":0,"k":0},"e":{"a":0,"k":0},"o":{"a":0,"k":0},"m":1,"nm":"Trim Paths 1","hd":false}],"ip":0,"op":120,"st":-1,"ct":1,"bm":0},{"ddd":0,"ind":3,"ty":4,"nm":"gic 6","sr":1,"ks":{"o":{"a":0,"k":100},"r":{"a":0,"k":0},"p":{"a":0,"k":[449.299,864.679,0]},"a":{"a":0,"k":[0,0,0]},"s":{"a":0,"k":[100,100,100]}},"ao":0,"shapes":[{"ty":"gr","it":[{"ind":0,"ty":"sh","ks":{"a":0,"k":{"i":[[0,0],[0,0]],"o":[[0,0],[0,0]],"v":[[-88.919,0],[88.919,0]],"c":false}},"nm":"Path 1","hd":false},{"ty":"st","c":{"a":0,"k":[0.215686276555,0.239215686917,0.23137255013,1]},"o":{"a":0,"k":100},"w":{"a":0,"k":2},"lc":1,"lj":1,"ml":10,"bm":0,"nm":"Stroke 1","hd":false},{"ty":"fl","c":{"a":0,"k":[1,1,1,1]},"o":{"a":0,"k":100},"r":1,"bm":0,"nm":"Fill 1","hd":false},{"ty":"tr","p":{"a":0,"k":[0,0]},"a":{"a":0,"k":[0,0]},"s":{"a":0,"k":[100,100]},"r":{"a":0,"k":0},"o":{"a":0,"k":100},"sk":{"a":0,"k":0},"sa":{"a":0,"k":0},"nm":"Transform"}],"nm":"Group 1","bm":0,"hd":false},{"ty":"tm","s":{"a":0,"k":0},"e":{"a":0,"k":100},"o":{"a":0,"k":0},"m":1,"nm":"Trim Paths 1","hd":false}],"ip":0,"op":120,"st":0,"ct":1,"bm":0},{"ddd":0,"ind":4,"ty":4,"nm":"gic 2/3","sr":1,"ks":{"o":{"a":0,"k":100},"r":{"a":0,"k":0},"p":{"a":0,"k":[449.299,906.015,0]},"a":{"a":0,"k":[0,0,0]},"s":{"a":0,"k":[100,100,100]}},"ao":0,"shapes":[{"ty":"gr","it":[{"ind":0,"ty":"sh","ks":{"a":0,"k":{"i":[[0,0],[0,0]],"o":[[0,0],[0,0]],"v":[[-88.919,0],[88.919,0]],"c":false}},"nm":"Path 1","hd":false},{"ty":"st","c":{"a":0,"k":[0.215686276555,0.239215686917,0.23137255013,1]},"o":{"a":0,"k":100},"w":{"a":0,"k":2},"lc":1,"lj":1,"ml":10,"bm":0,"nm":"Stroke 1","hd":false},{"ty":"fl","c":{"a":0,"k":[1,1,1,1]},"o":{"a":0,"k":100},"r":1,"bm":0,"nm":"Fill 1","hd":false},{"ty":"tr","p":{"a":0,"k":[0,0]},"a":{"a":0,"k":[0,0]},"s":{"a":0,"k":[100,100]},"r":{"a":0,"k":0},"o":{"a":0,"k":100},"sk":{"a":0,"k":0},"sa":{"a":0,"k":0},"nm":"Transform"}],"nm":"Group 1","bm":0,"hd":false},{"ty":"tm","s":{"a":0,"k":0},"e":{"a":0,"k":0},"o":{"a":0,"k":0},"m":1,"nm":"Trim Paths 2","hd":false}],"ip":0,"op":120,"st":0,"ct":1,"bm":0},{"ddd":0,"ind":5,"ty":4,"nm":"gic 5","sr":1,"ks":{"o":{"a":0,"k":100},"r":{"a":0,"k":0},"p":{"a":0,"k":[449.299,906.015,0]},"a":{"a":0,"k":[0,0,0]},"s":{"a":0,"k":[100,100,100]}},"ao":0,"shapes":[{"ty":"gr","it":[{"ind":0,"ty":"sh","ks":{"a":0,"k":{"i":[[0,0],[0,0]],"o":[[0,0],[0,0]],"v":[[-88.919,0],[88.919,0]],"c":false}},"nm":"Path 1","hd":false},{"ty":"st","c":{"a":0,"k":[0.215686276555,0.239215686917,0.23137255013,1]},"o":{"a":0,"k":100},"w":{"a":0,"k":2},"lc":1,"lj":1,"ml":10,"bm":0,"nm":"Stroke 1","hd":false},{"ty":"fl","c":{"a":0,"k":[1,1,1,1]},"o":{"a":0,"k":100},"r":1,"bm":0,"nm":"Fill 1","hd":false},{"ty":"tr","p":{"a":0,"k":[0,0]},"a":{"a":0,"k":[0,0]},"s":{"a":0,"k":[100,100]},"r":{"a":0,"k":0},"o":{"a":0,"k":100},"sk":{"a":0,"k":0},"sa":{"a":0,"k":0},"nm":"Transform"}],"nm":"Group 1","bm":0,"hd":false},{"ty":"tm","s":{"a":0,"k":0},"e":{"a":0,"k":100},"o":{"a":0,"k":0},"m":1,"nm":"Trim Paths 2","hd":false}],"ip":0,"op":120,"st":0,"ct":1,"bm":0},{"ddd":0,"ind":6,"ty":4,"nm":"gic 3/4","sr":1,"ks":{"o":{"a":0,"k":100},"r":{"a":0,"k":0},"p":{"a":0,"k":[449.299,947.351,0]},"a":{"a":0,"k":[0,0,0]},"s":{"a":0,"k":[100,100,100]}},"ao":0,"shapes":[{"ty":"gr","it":[{"ind":0,"ty":"sh","ks":{"a":0,"k":{"i":[[0,0],[0,0]],"o":[[0,0],[0,0]],"v":[[-88.919,0],[88.919,0]],"c":false}},"nm":"Path 1","hd":false},{"ty":"st","c":{"a":0,"k":[0.215686276555,0.239215686917,0.23137255013,1]},"o":{"a":0,"k":100},"w":{"a":0,"k":2},"lc":1,"lj":1,"ml":10,"bm":0,"nm":"Stroke 1","hd":false},{"ty":"fl","c":{"a":0,"k":[1,1,1,1]},"o":{"a":0,"k":100},"r":1,"bm":0,"nm":"Fill 1","hd":false},{"ty":"tr","p":{"a":0,"k":[0,0]},"a":{"a":0,"k":[0,0]},"s":{"a":0,"k":[100,100]},"r":{"a":0,"k":0},"o":{"a":0,"k":100},"sk":{"a":0,"k":0},"sa":{"a":0,"k":0},"nm":"Transform"}],"nm":"Group 1","bm":0,"hd":false},{"ty":"tm","s":{"a":0,"k":0},"e":{"a":0,"k":0},"o":{"a":0,"k":0},"m":1,"nm":"Trim Paths 1","hd":false}],"ip":0,"op":120,"st":0,"ct":1,"bm":0},{"ddd":0,"ind":7,"ty":4,"nm":"gic 4","sr":1,"ks":{"o":{"a":0,"k":100},"r":{"a":0,"k":0},"p":{"a":0,"k":[449.299,947.351,0]},"a":{"a":0,"k":[0,0,0]},"s":{"a":0,"k":[100,100,100]}},"ao":0,"shapes":[{"ty":"gr","it":[{"ind":0,"ty":"sh","ks":{"a":0,"k":{"i":[[0,0],[0,0]],"o":[[0,0],[0,0]],"v":[[-88.919,0],[88.919,0]],"c":false}},"nm":"Path 1","hd":false},{"ty":"st","c":{"a":0,"k":[0.215686276555,0.239215686917,0.23137255013,1]},"o":{"a":0,"k":100},"w":{"a":0,"k":2},"lc":1,"lj":1,"ml":10,"bm":0,"nm":"Stroke 1","hd":false},{"ty":"fl","c":{"a":0,"k":[1,1,1,1]},"o":{"a":0,"k":100},"r":1,"bm":0,"nm":"Fill 1","hd":false},{"ty":"tr","p":{"a":0,"k":[0,0]},"a":{"a":0,"k":[0,0]},"s":{"a":0,"k":[100,100]},"r":{"a":0,"k":0},"o":{"a":0,"k":100},"sk":{"a":0,"k":0},"sa":{"a":0,"k":0},"nm":"Transform"}],"nm":"Group 1","bm":0,"hd":false},{"ty":"tm","s":{"a":0,"k":0},"e":{"a":0,"k":100},"o":{"a":0,"k":0},"m":1,"nm":"Trim Paths 1","hd":false}],"ip":0,"op":120,"st":0,"ct":1,"bm":0}]},{"id":"comp_3","nm":"Astghikner","fr":30,"layers":[{"ddd":0,"ind":1,"ty":4,"nm":"Layer 8","sr":1,"ks":{"o":{"a":1,"k":[{"i":{"x":[0.833],"y":[0.833]},"o":{"x":[0.167],"y":[0.167]},"t":12,"s":[100]},{"i":{"x":[0.833],"y":[0.833]},"o":{"x":[0.167],"y":[0.167]},"t":22,"s":[0]},{"i":{"x":[0.833],"y":[0.833]},"o":{"x":[0.167],"y":[0.167]},"t":32,"s":[100]},{"i":{"x":[0.833],"y":[0.833]},"o":{"x":[0.167],"y":[0.167]},"t":54,"s":[100]},{"i":{"x":[0.833],"y":[0.833]},"o":{"x":[0.167],"y":[0.167]},"t":64,"s":[0]},{"t":74,"s":[100]}]},"r":{"a":1,"k":[{"i":{"x":[0.833],"y":[0.833]},"o":{"x":[0.167],"y":[0.167]},"t":0,"s":[0]},{"t":86,"s":[-360]}]},"p":{"a":0,"k":[726.409,1241.957,0]},"a":{"a":0,"k":[0,0,0]},"s":{"a":0,"k":[100,100,100]}},"ao":0,"shapes":[{"ty":"gr","it":[{"ind":0,"ty":"sh","ks":{"a":1,"k":[{"i":{"x":0.833,"y":0.833},"o":{"x":0.167,"y":0.167},"t":12,"s":[{"i":[[0,0],[0,0],[0,0]],"o":[[0,0],[0,0],[0,0]],"v":[[-15.741,22.812],[-22.812,-22.812],[22.812,-15.741]],"c":true}]},{"i":{"x":0.833,"y":0.833},"o":{"x":0.167,"y":0.167},"t":22,"s":[{"i":[[0,0],[0,0],[0,0]],"o":[[0,0],[0,0],[0,0]],"v":[[-18.333,26.569],[-26.569,-26.569],[26.569,-18.333]],"c":true}]},{"i":{"x":0.833,"y":0.833},"o":{"x":0.167,"y":0.167},"t":32,"s":[{"i":[[0,0],[0,0],[0,0]],"o":[[0,0],[0,0],[0,0]],"v":[[-15.741,22.812],[-22.812,-22.812],[22.812,-15.741]],"c":true}]},{"i":{"x":0.833,"y":0.833},"o":{"x":0.167,"y":0.167},"t":54,"s":[{"i":[[0,0],[0,0],[0,0]],"o":[[0,0],[0,0],[0,0]],"v":[[-15.741,22.812],[-22.812,-22.812],[22.812,-15.741]],"c":true}]},{"i":{"x":0.833,"y":0.833},"o":{"x":0.167,"y":0.167},"t":64,"s":[{"i":[[0,0],[0,0],[0,0]],"o":[[0,0],[0,0],[0,0]],"v":[[-18.333,26.569],[-26.569,-26.569],[26.569,-18.333]],"c":true}]},{"t":74,"s":[{"i":[[0,0],[0,0],[0,0]],"o":[[0,0],[0,0],[0,0]],"v":[[-15.741,22.812],[-22.812,-22.812],[22.812,-15.741]],"c":true}]}]},"nm":"Path 1","hd":false},{"ty":"fl","c":{"a":0,"k":[0.215686276555,0.239215686917,0.23137255013,1]},"o":{"a":0,"k":100},"r":1,"bm":0,"nm":"Fill 1","hd":false},{"ty":"tr","p":{"a":0,"k":[0,0]},"a":{"a":0,"k":[0,0]},"s":{"a":0,"k":[100,100]},"r":{"a":0,"k":0},"o":{"a":0,"k":100},"sk":{"a":0,"k":0},"sa":{"a":0,"k":0},"nm":"Transform"}],"nm":"Group 1","bm":0,"hd":false}],"ip":0,"op":120,"st":0,"ct":1,"bm":0},{"ddd":0,"ind":2,"ty":4,"nm":"Layer 7","sr":1,"ks":{"o":{"a":1,"k":[{"i":{"x":[0.833],"y":[0.833]},"o":{"x":[0.167],"y":[0.167]},"t":10,"s":[100]},{"i":{"x":[0.833],"y":[0.833]},"o":{"x":[0.167],"y":[0.167]},"t":20,"s":[0]},{"i":{"x":[0.833],"y":[0.833]},"o":{"x":[0.167],"y":[0.167]},"t":30,"s":[100]},{"i":{"x":[0.833],"y":[0.833]},"o":{"x":[0.167],"y":[0.167]},"t":56,"s":[100]},{"i":{"x":[0.833],"y":[0.833]},"o":{"x":[0.167],"y":[0.167]},"t":66,"s":[0]},{"t":76,"s":[100]}]},"r":{"a":0,"k":0},"p":{"a":0,"k":[530.217,1082.031,0]},"a":{"a":0,"k":[0,0,0]},"s":{"a":0,"k":[100,100,100]}},"ao":0,"shapes":[{"ty":"gr","it":[{"ind":0,"ty":"sh","ks":{"a":1,"k":[{"i":{"x":0.833,"y":0.833},"o":{"x":0.167,"y":0.167},"t":10,"s":[{"i":[[0,-3.618],[3.618,0],[0,3.618],[-3.618,0]],"o":[[0,3.618],[-3.618,0],[0,-3.618],[3.618,0]],"v":[[6.55,0],[0,6.55],[-6.55,0],[0,-6.55]],"c":true}]},{"i":{"x":0.833,"y":0.833},"o":{"x":0.167,"y":0.167},"t":20,"s":[{"i":[[0,-4.436],[4.436,0],[0,4.436],[-4.436,0]],"o":[[0,4.436],[-4.436,0],[0,-4.436],[4.436,0]],"v":[[8.031,0],[0,8.031],[-8.031,0],[0,-8.031]],"c":true}]},{"i":{"x":0.833,"y":0.833},"o":{"x":0.167,"y":0.167},"t":30,"s":[{"i":[[0,-3.618],[3.618,0],[0,3.618],[-3.618,0]],"o":[[0,3.618],[-3.618,0],[0,-3.618],[3.618,0]],"v":[[6.55,0],[0,6.55],[-6.55,0],[0,-6.55]],"c":true}]},{"i":{"x":0.833,"y":0.833},"o":{"x":0.167,"y":0.167},"t":56,"s":[{"i":[[0,-3.618],[3.618,0],[0,3.618],[-3.618,0]],"o":[[0,3.618],[-3.618,0],[0,-3.618],[3.618,0]],"v":[[6.55,0],[0,6.55],[-6.55,0],[0,-6.55]],"c":true}]},{"i":{"x":0.833,"y":0.833},"o":{"x":0.167,"y":0.167},"t":66,"s":[{"i":[[0,-4.436],[4.436,0],[0,4.436],[-4.436,0]],"o":[[0,4.436],[-4.436,0],[0,-4.436],[4.436,0]],"v":[[8.031,0],[0,8.031],[-8.031,0],[0,-8.031]],"c":true}]},{"t":76,"s":[{"i":[[0,-3.618],[3.618,0],[0,3.618],[-3.618,0]],"o":[[0,3.618],[-3.618,0],[0,-3.618],[3.618,0]],"v":[[6.55,0],[0,6.55],[-6.55,0],[0,-6.55]],"c":true}]}]},"nm":"Path 1","hd":false},{"ty":"st","c":{"a":0,"k":[0.215686276555,0.239215686917,0.23137255013,1]},"o":{"a":0,"k":100},"w":{"a":0,"k":2},"lc":1,"lj":1,"ml":10,"bm":0,"nm":"Stroke 1","hd":false},{"ty":"fl","c":{"a":0,"k":[0.215686276555,0.239215686917,0.23137255013,1]},"o":{"a":0,"k":100},"r":1,"bm":0,"nm":"Fill 1","hd":false},{"ty":"tr","p":{"a":0,"k":[0,0]},"a":{"a":0,"k":[0,0]},"s":{"a":0,"k":[100,100]},"r":{"a":0,"k":0},"o":{"a":0,"k":100},"sk":{"a":0,"k":0},"sa":{"a":0,"k":0},"nm":"Transform"}],"nm":"Group 1","bm":0,"hd":false}],"ip":0,"op":120,"st":0,"ct":1,"bm":0},{"ddd":0,"ind":3,"ty":4,"nm":"Layer 6","sr":1,"ks":{"o":{"a":1,"k":[{"i":{"x":[0.833],"y":[0.833]},"o":{"x":[0.167],"y":[0.167]},"t":8,"s":[100]},{"i":{"x":[0.833],"y":[0.833]},"o":{"x":[0.167],"y":[0.167]},"t":18,"s":[0]},{"i":{"x":[0.833],"y":[0.833]},"o":{"x":[0.167],"y":[0.167]},"t":28,"s":[100]},{"i":{"x":[0.833],"y":[0.833]},"o":{"x":[0.167],"y":[0.167]},"t":60,"s":[100]},{"i":{"x":[0.833],"y":[0.833]},"o":{"x":[0.167],"y":[0.167]},"t":70,"s":[0]},{"t":80,"s":[100]}]},"r":{"a":1,"k":[{"i":{"x":[0.833],"y":[0.833]},"o":{"x":[0.167],"y":[0.167]},"t":0,"s":[0]},{"t":86,"s":[360]}]},"p":{"a":0,"k":[375.916,1143.602,0]},"a":{"a":0,"k":[0,0,0]},"s":{"a":0,"k":[100,100,100]}},"ao":0,"shapes":[{"ty":"gr","it":[{"ind":0,"ty":"sh","ks":{"a":1,"k":[{"i":{"x":0.833,"y":0.833},"o":{"x":0.167,"y":0.167},"t":8,"s":[{"i":[[0,0],[6.441,6.441],[0,0],[-4.704,8.097],[0,0],[-3.887,-3.069],[0,0],[5.969,-4.996]],"o":[[0,0],[-7.132,-7.132],[0,0],[4.704,-8.097],[0,0],[4.569,3.607],[0,0],[-6.163,5.158]],"v":[[1.132,43.456],[-6.339,6.946],[-31.132,0.833],[-4.401,-7.284],[1.698,-43.456],[8.603,-6.21],[31.132,0],[8.717,7.261]],"c":true}]},{"i":{"x":0.833,"y":0.833},"o":{"x":0.167,"y":0.167},"t":18,"s":[{"i":[[0,0],[7.501,7.501],[0,0],[-5.479,9.429],[0,0],[-4.527,-3.574],[0,0],[6.952,-5.819]],"o":[[0,0],[-8.306,-8.306],[0,0],[5.479,-9.429],[0,0],[5.321,4.201],[0,0],[-7.177,6.007]],"v":[[1.319,50.609],[-7.383,8.09],[-36.257,0.97],[-5.126,-8.483],[1.977,-50.609],[10.02,-7.233],[36.257,0],[10.152,8.457]],"c":true}]},{"i":{"x":0.833,"y":0.833},"o":{"x":0.167,"y":0.167},"t":28,"s":[{"i":[[0,0],[6.441,6.441],[0,0],[-4.704,8.097],[0,0],[-3.887,-3.069],[0,0],[5.969,-4.996]],"o":[[0,0],[-7.132,-7.132],[0,0],[4.704,-8.097],[0,0],[4.569,3.607],[0,0],[-6.163,5.158]],"v":[[1.132,43.456],[-6.339,6.946],[-31.132,0.833],[-4.401,-7.284],[1.698,-43.456],[8.603,-6.21],[31.132,0],[8.717,7.261]],"c":true}]},{"i":{"x":0.833,"y":0.833},"o":{"x":0.167,"y":0.167},"t":60,"s":[{"i":[[0,0],[6.441,6.441],[0,0],[-4.704,8.097],[0,0],[-3.887,-3.069],[0,0],[5.969,-4.996]],"o":[[0,0],[-7.132,-7.132],[0,0],[4.704,-8.097],[0,0],[4.569,3.607],[0,0],[-6.163,5.158]],"v":[[1.132,43.456],[-6.339,6.946],[-31.132,0.833],[-4.401,-7.284],[1.698,-43.456],[8.603,-6.21],[31.132,0],[8.717,7.261]],"c":true}]},{"i":{"x":0.833,"y":0.833},"o":{"x":0.167,"y":0.167},"t":70,"s":[{"i":[[0,0],[7.501,7.501],[0,0],[-5.479,9.429],[0,0],[-4.527,-3.574],[0,0],[6.952,-5.819]],"o":[[0,0],[-8.306,-8.306],[0,0],[5.479,-9.429],[0,0],[5.321,4.201],[0,0],[-7.177,6.007]],"v":[[1.319,50.609],[-7.383,8.09],[-36.257,0.97],[-5.126,-8.483],[1.977,-50.609],[10.02,-7.233],[36.257,0],[10.152,8.457]],"c":true}]},{"t":80,"s":[{"i":[[0,0],[6.441,6.441],[0,0],[-4.704,8.097],[0,0],[-3.887,-3.069],[0,0],[5.969,-4.996]],"o":[[0,0],[-7.132,-7.132],[0,0],[4.704,-8.097],[0,0],[4.569,3.607],[0,0],[-6.163,5.158]],"v":[[1.132,43.456],[-6.339,6.946],[-31.132,0.833],[-4.401,-7.284],[1.698,-43.456],[8.603,-6.21],[31.132,0],[8.717,7.261]],"c":true}]}]},"nm":"Path 1","hd":false},{"ty":"st","c":{"a":0,"k":[0.215686276555,0.239215686917,0.23137255013,1]},"o":{"a":0,"k":100},"w":{"a":0,"k":2},"lc":1,"lj":1,"ml":10,"bm":0,"nm":"Stroke 1","hd":false},{"ty":"fl","c":{"a":0,"k":[1,1,1,1]},"o":{"a":0,"k":100},"r":1,"bm":0,"nm":"Fill 1","hd":false},{"ty":"tr","p":{"a":0,"k":[0,0]},"a":{"a":0,"k":[0,0]},"s":{"a":0,"k":[100,100]},"r":{"a":0,"k":0},"o":{"a":0,"k":100},"sk":{"a":0,"k":0},"sa":{"a":0,"k":0},"nm":"Transform"}],"nm":"Group 1","bm":0,"hd":false}],"ip":0,"op":120,"st":0,"ct":1,"bm":0},{"ddd":0,"ind":4,"ty":4,"nm":"Layer 5","sr":1,"ks":{"o":{"a":1,"k":[{"i":{"x":[0.833],"y":[0.833]},"o":{"x":[0.167],"y":[0.167]},"t":6,"s":[100]},{"i":{"x":[0.833],"y":[0.833]},"o":{"x":[0.167],"y":[0.167]},"t":16,"s":[0]},{"i":{"x":[0.833],"y":[0.833]},"o":{"x":[0.167],"y":[0.167]},"t":26,"s":[100]},{"i":{"x":[0.833],"y":[0.833]},"o":{"x":[0.167],"y":[0.167]},"t":60,"s":[100]},{"i":{"x":[0.833],"y":[0.833]},"o":{"x":[0.167],"y":[0.167]},"t":70,"s":[0]},{"t":80,"s":[100]}]},"r":{"a":1,"k":[{"i":{"x":[0.833],"y":[0.833]},"o":{"x":[0.167],"y":[0.167]},"t":0,"s":[0]},{"t":86,"s":[360]}]},"p":{"a":0,"k":[1177.344,599.332,0]},"a":{"a":0,"k":[977.344,399.332,0]},"s":{"a":0,"k":[100,100,100]}},"ao":0,"shapes":[{"ty":"gr","it":[{"ind":0,"ty":"sh","ks":{"a":1,"k":[{"i":{"x":0.833,"y":0.833},"o":{"x":0.167,"y":0.167},"t":6,"s":[{"i":[[0,0],[0,0]],"o":[[0,0],[0,0]],"v":[[23.053,0],[-23.053,0]],"c":false}]},{"i":{"x":0.833,"y":0.833},"o":{"x":0.167,"y":0.167},"t":16,"s":[{"i":[[0,0],[0,0]],"o":[[0,0],[0,0]],"v":[[28.602,0],[-28.602,0]],"c":false}]},{"i":{"x":0.833,"y":0.833},"o":{"x":0.167,"y":0.167},"t":26,"s":[{"i":[[0,0],[0,0]],"o":[[0,0],[0,0]],"v":[[23.053,0],[-23.053,0]],"c":false}]},{"i":{"x":0.833,"y":0.833},"o":{"x":0.167,"y":0.167},"t":60,"s":[{"i":[[0,0],[0,0]],"o":[[0,0],[0,0]],"v":[[23.053,0],[-23.053,0]],"c":false}]},{"i":{"x":0.833,"y":0.833},"o":{"x":0.167,"y":0.167},"t":70,"s":[{"i":[[0,0],[0,0]],"o":[[0,0],[0,0]],"v":[[28.602,0],[-28.602,0]],"c":false}]},{"t":80,"s":[{"i":[[0,0],[0,0]],"o":[[0,0],[0,0]],"v":[[23.053,0],[-23.053,0]],"c":false}]}]},"nm":"Path 1","hd":false},{"ty":"st","c":{"a":0,"k":[0.215686276555,0.239215686917,0.23137255013,1]},"o":{"a":0,"k":100},"w":{"a":0,"k":2},"lc":1,"lj":1,"ml":10,"bm":0,"nm":"Stroke 1","hd":false},{"ty":"fl","c":{"a":0,"k":[1,1,1,1]},"o":{"a":0,"k":100},"r":1,"bm":0,"nm":"Fill 1","hd":false},{"ty":"tr","p":{"a":0,"k":[977.344,399.332]},"a":{"a":0,"k":[0,0]},"s":{"a":0,"k":[100,100]},"r":{"a":0,"k":0},"o":{"a":0,"k":100},"sk":{"a":0,"k":0},"sa":{"a":0,"k":0},"nm":"Transform"}],"nm":"Group 1","bm":0,"hd":false},{"ty":"gr","it":[{"ind":0,"ty":"sh","ks":{"a":1,"k":[{"i":{"x":0.833,"y":0.833},"o":{"x":0.167,"y":0.167},"t":6,"s":[{"i":[[0,0],[0,0]],"o":[[0,0],[0,0]],"v":[[0,-23.053],[0,23.053]],"c":false}]},{"i":{"x":0.833,"y":0.833},"o":{"x":0.167,"y":0.167},"t":16,"s":[{"i":[[0,0],[0,0]],"o":[[0,0],[0,0]],"v":[[0,-30.116],[0,30.116]],"c":false}]},{"i":{"x":0.833,"y":0.833},"o":{"x":0.167,"y":0.167},"t":26,"s":[{"i":[[0,0],[0,0]],"o":[[0,0],[0,0]],"v":[[0,-23.053],[0,23.053]],"c":false}]},{"i":{"x":0.833,"y":0.833},"o":{"x":0.167,"y":0.167},"t":60,"s":[{"i":[[0,0],[0,0]],"o":[[0,0],[0,0]],"v":[[0,-23.053],[0,23.053]],"c":false}]},{"i":{"x":0.833,"y":0.833},"o":{"x":0.167,"y":0.167},"t":70,"s":[{"i":[[0,0],[0,0]],"o":[[0,0],[0,0]],"v":[[0,-30.116],[0,30.116]],"c":false}]},{"t":80,"s":[{"i":[[0,0],[0,0]],"o":[[0,0],[0,0]],"v":[[0,-23.053],[0,23.053]],"c":false}]}]},"nm":"Path 1","hd":false},{"ty":"st","c":{"a":0,"k":[0.215686276555,0.239215686917,0.23137255013,1]},"o":{"a":0,"k":100},"w":{"a":0,"k":2},"lc":1,"lj":1,"ml":10,"bm":0,"nm":"Stroke 1","hd":false},{"ty":"fl","c":{"a":0,"k":[1,1,1,1]},"o":{"a":0,"k":100},"r":1,"bm":0,"nm":"Fill 1","hd":false},{"ty":"tr","p":{"a":0,"k":[977.344,399.332]},"a":{"a":0,"k":[0,0]},"s":{"a":0,"k":[100,100]},"r":{"a":0,"k":0},"o":{"a":0,"k":100},"sk":{"a":0,"k":0},"sa":{"a":0,"k":0},"nm":"Transform"}],"nm":"Group 2","bm":0,"hd":false}],"ip":0,"op":120,"st":0,"ct":1,"bm":0},{"ddd":0,"ind":5,"ty":4,"nm":"Layer 4","sr":1,"ks":{"o":{"a":1,"k":[{"i":{"x":[0.833],"y":[0.833]},"o":{"x":[0.167],"y":[0.167]},"t":4,"s":[100]},{"i":{"x":[0.833],"y":[0.833]},"o":{"x":[0.167],"y":[0.167]},"t":14,"s":[0]},{"i":{"x":[0.833],"y":[0.833]},"o":{"x":[0.167],"y":[0.167]},"t":24,"s":[100]},{"i":{"x":[0.833],"y":[0.833]},"o":{"x":[0.167],"y":[0.167]},"t":62,"s":[100]},{"i":{"x":[0.833],"y":[0.833]},"o":{"x":[0.167],"y":[0.167]},"t":72,"s":[0]},{"t":82,"s":[100]}]},"r":{"a":1,"k":[{"i":{"x":[0.833],"y":[0.833]},"o":{"x":[0.167],"y":[0.167]},"t":0,"s":[0]},{"t":86,"s":[-360]}]},"p":{"a":0,"k":[1082.358,439.209,0]},"a":{"a":0,"k":[0,0,0]},"s":{"a":0,"k":[100,100,100]}},"ao":0,"shapes":[{"ty":"gr","it":[{"ind":0,"ty":"sh","ks":{"a":1,"k":[{"i":{"x":0.833,"y":0.833},"o":{"x":0.167,"y":0.167},"t":4,"s":[{"i":[[0,0],[4.928,4.244],[0,0],[-3.265,5.744],[0,0],[-3.057,-3.283],[0,0],[4.989,-5.069]],"o":[[0,0],[-4.142,-3.567],[0,0],[3.265,-5.744],[0,0],[3.552,3.815],[0,0],[-3.975,4.038]],"v":[[0.015,24.987],[-5.96,1.706],[-21.369,-1.352],[-4.15,-7.606],[-0.933,-24.987],[3.595,-6.647],[21.369,-1.666],[4.719,2.498]],"c":true}]},{"i":{"x":0.833,"y":0.833},"o":{"x":0.167,"y":0.167},"t":14,"s":[{"i":[[0,0],[6.095,5.25],[0,0],[-4.038,7.106],[0,0],[-3.781,-4.061],[0,0],[6.172,-6.271]],"o":[[0,0],[-5.123,-4.412],[0,0],[4.038,-7.106],[0,0],[4.394,4.719],[0,0],[-4.917,4.995]],"v":[[0.019,30.908],[-7.372,2.11],[-26.432,-1.672],[-5.133,-9.408],[-1.155,-30.908],[4.447,-8.222],[26.432,-2.061],[5.837,3.089]],"c":true}]},{"i":{"x":0.833,"y":0.833},"o":{"x":0.167,"y":0.167},"t":24,"s":[{"i":[[0,0],[4.928,4.244],[0,0],[-3.265,5.744],[0,0],[-3.057,-3.283],[0,0],[4.989,-5.069]],"o":[[0,0],[-4.142,-3.567],[0,0],[3.265,-5.744],[0,0],[3.552,3.815],[0,0],[-3.975,4.038]],"v":[[0.015,24.987],[-5.96,1.706],[-21.369,-1.352],[-4.15,-7.606],[-0.933,-24.987],[3.595,-6.647],[21.369,-1.666],[4.719,2.498]],"c":true}]},{"i":{"x":0.833,"y":0.833},"o":{"x":0.167,"y":0.167},"t":62,"s":[{"i":[[0,0],[4.928,4.244],[0,0],[-3.265,5.744],[0,0],[-3.057,-3.283],[0,0],[4.989,-5.069]],"o":[[0,0],[-4.142,-3.567],[0,0],[3.265,-5.744],[0,0],[3.552,3.815],[0,0],[-3.975,4.038]],"v":[[0.015,24.987],[-5.96,1.706],[-21.369,-1.352],[-4.15,-7.606],[-0.933,-24.987],[3.595,-6.647],[21.369,-1.666],[4.719,2.498]],"c":true}]},{"i":{"x":0.833,"y":0.833},"o":{"x":0.167,"y":0.167},"t":72,"s":[{"i":[[0,0],[6.095,5.25],[0,0],[-4.038,7.106],[0,0],[-3.781,-4.061],[0,0],[6.172,-6.271]],"o":[[0,0],[-5.123,-4.412],[0,0],[4.038,-7.106],[0,0],[4.394,4.719],[0,0],[-4.917,4.995]],"v":[[0.019,30.908],[-7.372,2.11],[-26.432,-1.672],[-5.133,-9.408],[-1.155,-30.908],[4.447,-8.222],[26.432,-2.061],[5.837,3.089]],"c":true}]},{"t":82,"s":[{"i":[[0,0],[4.928,4.244],[0,0],[-3.265,5.744],[0,0],[-3.057,-3.283],[0,0],[4.989,-5.069]],"o":[[0,0],[-4.142,-3.567],[0,0],[3.265,-5.744],[0,0],[3.552,3.815],[0,0],[-3.975,4.038]],"v":[[0.015,24.987],[-5.96,1.706],[-21.369,-1.352],[-4.15,-7.606],[-0.933,-24.987],[3.595,-6.647],[21.369,-1.666],[4.719,2.498]],"c":true}]}]},"nm":"Path 1","hd":false},{"ty":"fl","c":{"a":0,"k":[0.215686276555,0.239215686917,0.23137255013,1]},"o":{"a":0,"k":100},"r":1,"bm":0,"nm":"Fill 1","hd":false},{"ty":"tr","p":{"a":0,"k":[0,0]},"a":{"a":0,"k":[0,0]},"s":{"a":0,"k":[100,100]},"r":{"a":0,"k":0},"o":{"a":0,"k":100},"sk":{"a":0,"k":0},"sa":{"a":0,"k":0},"nm":"Transform"}],"nm":"Group 1","bm":0,"hd":false}],"ip":0,"op":120,"st":0,"ct":1,"bm":0},{"ddd":0,"ind":6,"ty":4,"nm":"Layer 3","sr":1,"ks":{"o":{"a":1,"k":[{"i":{"x":[0.833],"y":[0.833]},"o":{"x":[0.167],"y":[0.167]},"t":2,"s":[100]},{"i":{"x":[0.833],"y":[0.833]},"o":{"x":[0.167],"y":[0.167]},"t":12,"s":[0]},{"i":{"x":[0.833],"y":[0.833]},"o":{"x":[0.167],"y":[0.167]},"t":22,"s":[100]},{"i":{"x":[0.833],"y":[0.833]},"o":{"x":[0.167],"y":[0.167]},"t":64,"s":[100]},{"i":{"x":[0.833],"y":[0.833]},"o":{"x":[0.167],"y":[0.167]},"t":74,"s":[0]},{"t":84,"s":[100]}]},"r":{"a":1,"k":[{"i":{"x":[0.833],"y":[0.833]},"o":{"x":[0.167],"y":[0.167]},"t":0,"s":[0]},{"t":86,"s":[-360]}]},"p":{"a":0,"k":[654.282,319.354,0]},"a":{"a":0,"k":[0,0,0]},"s":{"a":0,"k":[100,100,100]}},"ao":0,"shapes":[{"ty":"gr","it":[{"ind":0,"ty":"sh","ks":{"a":1,"k":[{"i":{"x":0.833,"y":0.833},"o":{"x":0.167,"y":0.167},"t":2,"s":[{"i":[[0,0],[11.273,8.819],[0,0],[-7.71,12.816],[0,0],[-7.947,-7.403],[0,0],[10.148,-8.829]],"o":[[0,0],[-10.43,-8.159],[0,0],[8.31,-13.815],[0,0],[6.766,6.303],[0,0],[-10.477,9.115]],"v":[[1.368,45.863],[-11.86,9.828],[-37.671,4.184],[-7.677,-10.579],[1.368,-45.863],[10.863,-6.853],[37.671,3.143],[11.512,11.298]],"c":true}]},{"i":{"x":0.833,"y":0.833},"o":{"x":0.167,"y":0.167},"t":12,"s":[{"i":[[0,0],[12.299,9.622],[0,0],[-8.412,13.983],[0,0],[-8.671,-8.077],[0,0],[11.072,-9.633]],"o":[[0,0],[-11.379,-8.902],[0,0],[9.067,-15.073],[0,0],[7.382,6.877],[0,0],[-11.431,9.945]],"v":[[1.493,50.04],[-12.94,10.723],[-41.102,4.565],[-8.376,-11.542],[1.493,-50.04],[11.852,-7.477],[41.102,3.429],[12.56,12.327]],"c":true}]},{"i":{"x":0.833,"y":0.833},"o":{"x":0.167,"y":0.167},"t":22,"s":[{"i":[[0,0],[11.273,8.819],[0,0],[-7.71,12.816],[0,0],[-7.947,-7.403],[0,0],[10.148,-8.829]],"o":[[0,0],[-10.43,-8.159],[0,0],[8.31,-13.815],[0,0],[6.766,6.303],[0,0],[-10.477,9.115]],"v":[[1.368,45.863],[-11.86,9.828],[-37.671,4.184],[-7.677,-10.579],[1.368,-45.863],[10.863,-6.853],[37.671,3.143],[11.512,11.298]],"c":true}]},{"i":{"x":0.833,"y":0.833},"o":{"x":0.167,"y":0.167},"t":64,"s":[{"i":[[0,0],[11.273,8.819],[0,0],[-7.71,12.816],[0,0],[-7.947,-7.403],[0,0],[10.148,-8.829]],"o":[[0,0],[-10.43,-8.159],[0,0],[8.31,-13.815],[0,0],[6.766,6.303],[0,0],[-10.477,9.115]],"v":[[1.368,45.863],[-11.86,9.828],[-37.671,4.184],[-7.677,-10.579],[1.368,-45.863],[10.863,-6.853],[37.671,3.143],[11.512,11.298]],"c":true}]},{"i":{"x":0.833,"y":0.833},"o":{"x":0.167,"y":0.167},"t":74,"s":[{"i":[[0,0],[12.299,9.622],[0,0],[-8.412,13.983],[0,0],[-8.671,-8.077],[0,0],[11.072,-9.633]],"o":[[0,0],[-11.379,-8.902],[0,0],[9.067,-15.073],[0,0],[7.382,6.877],[0,0],[-11.431,9.945]],"v":[[1.493,50.04],[-12.94,10.723],[-41.102,4.565],[-8.376,-11.542],[1.493,-50.04],[11.852,-7.477],[41.102,3.429],[12.56,12.327]],"c":true}]},{"t":84,"s":[{"i":[[0,0],[11.273,8.819],[0,0],[-7.71,12.816],[0,0],[-7.947,-7.403],[0,0],[10.148,-8.829]],"o":[[0,0],[-10.43,-8.159],[0,0],[8.31,-13.815],[0,0],[6.766,6.303],[0,0],[-10.477,9.115]],"v":[[1.368,45.863],[-11.86,9.828],[-37.671,4.184],[-7.677,-10.579],[1.368,-45.863],[10.863,-6.853],[37.671,3.143],[11.512,11.298]],"c":true}]}]},"nm":"Path 1","hd":false},{"ty":"fl","c":{"a":0,"k":[0.051,0.58,0.533]},"o":{"a":0,"k":100},"r":1,"bm":0,"nm":"Fill 1","hd":false},{"ty":"tr","p":{"a":0,"k":[0,0]},"a":{"a":0,"k":[0,0]},"s":{"a":0,"k":[100,100]},"r":{"a":0,"k":0},"o":{"a":0,"k":100},"sk":{"a":0,"k":0},"sa":{"a":0,"k":0},"nm":"Transform"}],"nm":"Group 1","bm":0,"hd":false}],"ip":0,"op":120,"st":0,"ct":1,"bm":0},{"ddd":0,"ind":7,"ty":4,"nm":"Layer 2","sr":1,"ks":{"o":{"a":1,"k":[{"i":{"x":[0.833],"y":[0.833]},"o":{"x":[0.167],"y":[0.167]},"t":0,"s":[100]},{"i":{"x":[0.833],"y":[0.833]},"o":{"x":[0.167],"y":[0.167]},"t":10,"s":[0]},{"i":{"x":[0.833],"y":[0.833]},"o":{"x":[0.167],"y":[0.167]},"t":20,"s":[100]},{"i":{"x":[0.833],"y":[0.833]},"o":{"x":[0.167],"y":[0.167]},"t":66,"s":[100]},{"i":{"x":[0.833],"y":[0.833]},"o":{"x":[0.167],"y":[0.167]},"t":76,"s":[0]},{"t":86,"s":[100]}]},"r":{"a":1,"k":[{"i":{"x":[0.833],"y":[0.833]},"o":{"x":[0.167],"y":[0.167]},"t":0,"s":[0]},{"t":86,"s":[360]}]},"p":{"a":0,"k":[284.732,501.652,0]},"a":{"a":0,"k":[0,0,0]},"s":{"a":0,"k":[100,100,100]}},"ao":0,"shapes":[{"ty":"gr","it":[{"ind":0,"ty":"sh","ks":{"a":1,"k":[{"i":{"x":0.833,"y":0.833},"o":{"x":0.167,"y":0.167},"t":0,"s":[{"i":[[0,0],[0,0],[0,0]],"o":[[0,0],[0,0],[0,0]],"v":[[-15.747,1.822],[8.145,-13.741],[15.747,13.741]],"c":true}]},{"i":{"x":0.833,"y":0.833},"o":{"x":0.167,"y":0.167},"t":10,"s":[{"i":[[0,0],[0,0],[0,0]],"o":[[0,0],[0,0],[0,0]],"v":[[-18.834,2.18],[9.742,-16.435],[18.834,16.435]],"c":true}]},{"i":{"x":0.833,"y":0.833},"o":{"x":0.167,"y":0.167},"t":20,"s":[{"i":[[0,0],[0,0],[0,0]],"o":[[0,0],[0,0],[0,0]],"v":[[-15.747,1.822],[8.145,-13.741],[15.747,13.741]],"c":true}]},{"i":{"x":0.833,"y":0.833},"o":{"x":0.167,"y":0.167},"t":66,"s":[{"i":[[0,0],[0,0],[0,0]],"o":[[0,0],[0,0],[0,0]],"v":[[-15.747,1.822],[8.145,-13.741],[15.747,13.741]],"c":true}]},{"i":{"x":0.833,"y":0.833},"o":{"x":0.167,"y":0.167},"t":76,"s":[{"i":[[0,0],[0,0],[0,0]],"o":[[0,0],[0,0],[0,0]],"v":[[-18.834,2.18],[9.742,-16.435],[18.834,16.435]],"c":true}]},{"t":86,"s":[{"i":[[0,0],[0,0],[0,0]],"o":[[0,0],[0,0],[0,0]],"v":[[-15.747,1.822],[8.145,-13.741],[15.747,13.741]],"c":true}]}]},"nm":"Path 1","hd":false},{"ty":"st","c":{"a":0,"k":[0.215686276555,0.239215686917,0.23137255013,1]},"o":{"a":0,"k":100},"w":{"a":0,"k":2},"lc":1,"lj":1,"ml":10,"bm":0,"nm":"Stroke 1","hd":false},{"ty":"fl","c":{"a":0,"k":[1,1,1,1]},"o":{"a":0,"k":100},"r":1,"bm":0,"nm":"Fill 1","hd":false},{"ty":"tr","p":{"a":0,"k":[0,0]},"a":{"a":0,"k":[0,0]},"s":{"a":0,"k":[100,100]},"r":{"a":0,"k":0},"o":{"a":0,"k":100},"sk":{"a":0,"k":0},"sa":{"a":0,"k":0},"nm":"Transform"}],"nm":"Group 1","bm":0,"hd":false}],"ip":0,"op":120,"st":0,"ct":1,"bm":0}]}],"layers":[{"ddd":0,"ind":1,"ty":4,"nm":"lupa","sr":1,"ks":{"o":{"a":0,"k":100},"r":{"a":1,"k":[{"i":{"x":[0.25],"y":[1]},"o":{"x":[0.33],"y":[0]},"t":31,"s":[0]},{"i":{"x":[0.25],"y":[1]},"o":{"x":[0.33],"y":[0]},"t":47,"s":[81]},{"i":{"x":[0.25],"y":[1]},"o":{"x":[0.33],"y":[0]},"t":69,"s":[81]},{"t":85,"s":[0]}]},"p":{"a":1,"k":[{"i":{"x":0.25,"y":1},"o":{"x":0.33,"y":0},"t":31,"s":[983.84,901.959,0],"to":[0,0,0],"ti":[0,0,0]},{"i":{"x":0.25,"y":0.25},"o":{"x":0.33,"y":0.33},"t":47,"s":[389.84,893.959,0],"to":[0,0,0],"ti":[0,0,0]},{"i":{"x":0.25,"y":1},"o":{"x":0.33,"y":0},"t":69,"s":[389.84,893.959,0],"to":[0,0,0],"ti":[0,0,0]},{"t":85,"s":[983.84,901.959,0]}]},"a":{"a":0,"k":[783.84,701.959,0]},"s":{"a":0,"k":[100,100,100]}},"ao":0,"shapes":[{"ty":"gr","it":[{"ty":"gr","it":[{"ind":0,"ty":"sh","ks":{"a":0,"k":{"i":[[0,0],[0,0],[0,0],[0,0]],"o":[[0,0],[0,0],[0,0],[0,0]],"v":[[120.934,141.36],[-156.983,-99.821],[-120.934,-141.36],[156.983,99.821]],"c":true}},"nm":"Path 1","hd":false},{"ty":"fl","c":{"a":0,"k":[0.215686276555,0.239215686917,0.23137255013,1]},"o":{"a":0,"k":100},"r":1,"bm":0,"nm":"Fill 1","hd":false},{"ty":"tr","p":{"a":0,"k":[1072.479,916.579]},"a":{"a":0,"k":[0,0]},"s":{"a":0,"k":[100,100]},"r":{"a":0,"k":0},"o":{"a":0,"k":100},"sk":{"a":0,"k":0},"sa":{"a":0,"k":0},"nm":"Transform"}],"nm":"Group 1","bm":0,"hd":false},{"ty":"gr","it":[{"ty":"gr","it":[{"ind":0,"ty":"sh","ks":{"a":0,"k":{"i":[[0,0],[0,0]],"o":[[0,0],[0,0]],"v":[[7.78,-19.074],[-7.78,19.074]],"c":false}},"nm":"Path 1","hd":false},{"ty":"st","c":{"a":0,"k":[0.215686276555,0.239215686917,0.23137255013,1]},"o":{"a":0,"k":100},"w":{"a":0,"k":2},"lc":1,"lj":1,"ml":10,"bm":0,"nm":"Stroke 1","hd":false},{"ty":"fl","c":{"a":0,"k":[1,1,1,1]},"o":{"a":0,"k":100},"r":1,"bm":0,"nm":"Fill 1","hd":false},{"ty":"tr","p":{"a":0,"k":[881.815,858.455]},"a":{"a":0,"k":[0,0]},"s":{"a":0,"k":[100,100]},"r":{"a":0,"k":0},"o":{"a":0,"k":100},"sk":{"a":0,"k":0},"sa":{"a":0,"k":0},"nm":"Transform"}],"nm":"Group 1","bm":0,"hd":false},{"ty":"gr","it":[{"ind":0,"ty":"sh","ks":{"a":0,"k":{"i":[[0,0],[0,0]],"o":[[0,0],[0,0]],"v":[[7.78,-19.074],[-7.78,19.074]],"c":false}},"nm":"Path 1","hd":false},{"ty":"st","c":{"a":0,"k":[0.215686276555,0.239215686917,0.23137255013,1]},"o":{"a":0,"k":100},"w":{"a":0,"k":2},"lc":1,"lj":1,"ml":10,"bm":0,"nm":"Stroke 1","hd":false},{"ty":"fl","c":{"a":0,"k":[1,1,1,1]},"o":{"a":0,"k":100},"r":1,"bm":0,"nm":"Fill 1","hd":false},{"ty":"tr","p":{"a":0,"k":[826.056,890.597]},"a":{"a":0,"k":[0,0]},"s":{"a":0,"k":[100,100]},"r":{"a":0,"k":0},"o":{"a":0,"k":100},"sk":{"a":0,"k":0},"sa":{"a":0,"k":0},"nm":"Transform"}],"nm":"Group 2","bm":0,"hd":false},{"ty":"gr","it":[{"ind":0,"ty":"sh","ks":{"a":0,"k":{"i":[[0,0],[0,0]],"o":[[0,0],[0,0]],"v":[[7.78,-19.074],[-7.78,19.074]],"c":false}},"nm":"Path 1","hd":false},{"ty":"st","c":{"a":0,"k":[0.215686276555,0.239215686917,0.23137255013,1]},"o":{"a":0,"k":100},"w":{"a":0,"k":2},"lc":1,"lj":1,"ml":10,"bm":0,"nm":"Stroke 1","hd":false},{"ty":"fl","c":{"a":0,"k":[1,1,1,1]},"o":{"a":0,"k":100},"r":1,"bm":0,"nm":"Fill 1","hd":false},{"ty":"tr","p":{"a":0,"k":[772.011,907.185]},"a":{"a":0,"k":[0,0]},"s":{"a":0,"k":[100,100]},"r":{"a":0,"k":0},"o":{"a":0,"k":100},"sk":{"a":0,"k":0},"sa":{"a":0,"k":0},"nm":"Transform"}],"nm":"Group 3","bm":0,"hd":false},{"ty":"gr","it":[{"ind":0,"ty":"sh","ks":{"a":0,"k":{"i":[[0,0],[0,0]],"o":[[0,0],[0,0]],"v":[[7.954,-19.501],[-7.954,19.501]],"c":false}},"nm":"Path 1","hd":false},{"ty":"st","c":{"a":0,"k":[0.215686276555,0.239215686917,0.23137255013,1]},"o":{"a":0,"k":100},"w":{"a":0,"k":2},"lc":1,"lj":1,"ml":10,"bm":0,"nm":"Stroke 1","hd":false},{"ty":"fl","c":{"a":0,"k":[1,1,1,1]},"o":{"a":0,"k":100},"r":1,"bm":0,"nm":"Fill 1","hd":false},{"ty":"tr","p":{"a":0,"k":[450.376,690.661]},"a":{"a":0,"k":[0,0]},"s":{"a":0,"k":[100,100]},"r":{"a":0,"k":0},"o":{"a":0,"k":100},"sk":{"a":0,"k":0},"sa":{"a":0,"k":0},"nm":"Transform"}],"nm":"Group 4","bm":0,"hd":false},{"ty":"gr","it":[{"ind":0,"ty":"sh","ks":{"a":0,"k":{"i":[[0,0],[0,0]],"o":[[0,0],[0,0]],"v":[[7.954,-19.501],[-7.954,19.501]],"c":false}},"nm":"Path 1","hd":false},{"ty":"st","c":{"a":0,"k":[0.215686276555,0.239215686917,0.23137255013,1]},"o":{"a":0,"k":100},"w":{"a":0,"k":2},"lc":1,"lj":1,"ml":10,"bm":0,"nm":"Stroke 1","hd":false},{"ty":"fl","c":{"a":0,"k":[1,1,1,1]},"o":{"a":0,"k":100},"r":1,"bm":0,"nm":"Fill 1","hd":false},{"ty":"tr","p":{"a":0,"k":[468.85,749.639]},"a":{"a":0,"k":[0,0]},"s":{"a":0,"k":[100,100]},"r":{"a":0,"k":0},"o":{"a":0,"k":100},"sk":{"a":0,"k":0},"sa":{"a":0,"k":0},"nm":"Transform"}],"nm":"Group 5","bm":0,"hd":false},{"ty":"gr","it":[{"ind":0,"ty":"sh","ks":{"a":0,"k":{"i":[[0,0],[0,0]],"o":[[0,0],[0,0]],"v":[[7.954,-19.501],[-7.954,19.501]],"c":false}},"nm":"Path 1","hd":false},{"ty":"st","c":{"a":0,"k":[0.215686276555,0.239215686917,0.23137255013,1]},"o":{"a":0,"k":100},"w":{"a":0,"k":2},"lc":1,"lj":1,"ml":10,"bm":0,"nm":"Stroke 1","hd":false},{"ty":"fl","c":{"a":0,"k":[1,1,1,1]},"o":{"a":0,"k":100},"r":1,"bm":0,"nm":"Fill 1","hd":false},{"ty":"tr","p":{"a":0,"k":[496.346,797.289]},"a":{"a":0,"k":[0,0]},"s":{"a":0,"k":[100,100]},"r":{"a":0,"k":0},"o":{"a":0,"k":100},"sk":{"a":0,"k":0},"sa":{"a":0,"k":0},"nm":"Transform"}],"nm":"Group 6","bm":0,"hd":false},{"ty":"gr","it":[{"ind":0,"ty":"sh","ks":{"a":0,"k":{"i":[[0,0],[0,0]],"o":[[0,0],[0,0]],"v":[[8.062,-19.764],[-8.062,19.764]],"c":false}},"nm":"Path 1","hd":false},{"ty":"st","c":{"a":0,"k":[0.215686276555,0.239215686917,0.23137255013,1]},"o":{"a":0,"k":100},"w":{"a":0,"k":2},"lc":1,"lj":1,"ml":10,"bm":0,"nm":"Stroke 1","hd":false},{"ty":"fl","c":{"a":0,"k":[1,1,1,1]},"o":{"a":0,"k":100},"r":1,"bm":0,"nm":"Fill 1","hd":false},{"ty":"tr","p":{"a":0,"k":[534.471,840.885]},"a":{"a":0,"k":[0,0]},"s":{"a":0,"k":[100,100]},"r":{"a":0,"k":0},"o":{"a":0,"k":100},"sk":{"a":0,"k":0},"sa":{"a":0,"k":0},"nm":"Transform"}],"nm":"Group 7","bm":0,"hd":false},{"ty":"gr","it":[{"ind":0,"ty":"sh","ks":{"a":0,"k":{"i":[[0,0],[0,0]],"o":[[0,0],[0,0]],"v":[[7.78,-19.074],[-7.78,19.074]],"c":false}},"nm":"Path 1","hd":false},{"ty":"st","c":{"a":0,"k":[0.215686276555,0.239215686917,0.23137255013,1]},"o":{"a":0,"k":100},"w":{"a":0,"k":2},"lc":1,"lj":1,"ml":10,"bm":0,"nm":"Stroke 1","hd":false},{"ty":"fl","c":{"a":0,"k":[1,1,1,1]},"o":{"a":0,"k":100},"r":1,"bm":0,"nm":"Fill 1","hd":false},{"ty":"tr","p":{"a":0,"k":[574.75,871.523]},"a":{"a":0,"k":[0,0]},"s":{"a":0,"k":[100,100]},"r":{"a":0,"k":0},"o":{"a":0,"k":100},"sk":{"a":0,"k":0},"sa":{"a":0,"k":0},"nm":"Transform"}],"nm":"Group 8","bm":0,"hd":false},{"ty":"gr","it":[{"ind":0,"ty":"sh","ks":{"a":0,"k":{"i":[[0,0],[0,0]],"o":[[0,0],[0,0]],"v":[[7.78,-19.074],[-7.78,19.074]],"c":false}},"nm":"Path 1","hd":false},{"ty":"st","c":{"a":0,"k":[0.215686276555,0.239215686917,0.23137255013,1]},"o":{"a":0,"k":100},"w":{"a":0,"k":2},"lc":1,"lj":1,"ml":10,"bm":0,"nm":"Stroke 1","hd":false},{"ty":"fl","c":{"a":0,"k":[1,1,1,1]},"o":{"a":0,"k":100},"r":1,"bm":0,"nm":"Fill 1","hd":false},{"ty":"tr","p":{"a":0,"k":[621.806,895.304]},"a":{"a":0,"k":[0,0]},"s":{"a":0,"k":[100,100]},"r":{"a":0,"k":0},"o":{"a":0,"k":100},"sk":{"a":0,"k":0},"sa":{"a":0,"k":0},"nm":"Transform"}],"nm":"Group 9","bm":0,"hd":false},{"ty":"gr","it":[{"ind":0,"ty":"sh","ks":{"a":0,"k":{"i":[[0,0],[0,0]],"o":[[0,0],[0,0]],"v":[[7.78,-19.074],[-7.78,19.074]],"c":false}},"nm":"Path 1","hd":false},{"ty":"st","c":{"a":0,"k":[0.215686276555,0.239215686917,0.23137255013,1]},"o":{"a":0,"k":100},"w":{"a":0,"k":2},"lc":1,"lj":1,"ml":10,"bm":0,"nm":"Stroke 1","hd":false},{"ty":"fl","c":{"a":0,"k":[1,1,1,1]},"o":{"a":0,"k":100},"r":1,"bm":0,"nm":"Fill 1","hd":false},{"ty":"tr","p":{"a":0,"k":[670.847,907.185]},"a":{"a":0,"k":[0,0]},"s":{"a":0,"k":[100,100]},"r":{"a":0,"k":0},"o":{"a":0,"k":100},"sk":{"a":0,"k":0},"sa":{"a":0,"k":0},"nm":"Transform"}],"nm":"Group 10","bm":0,"hd":false},{"ty":"gr","it":[{"ind":0,"ty":"sh","ks":{"a":0,"k":{"i":[[0,0],[0,0]],"o":[[0,0],[0,0]],"v":[[7.78,-19.074],[-7.78,19.074]],"c":false}},"nm":"Path 1","hd":false},{"ty":"st","c":{"a":0,"k":[0.215686276555,0.239215686917,0.23137255013,1]},"o":{"a":0,"k":100},"w":{"a":0,"k":2},"lc":1,"lj":1,"ml":10,"bm":0,"nm":"Stroke 1","hd":false},{"ty":"fl","c":{"a":0,"k":[1,1,1,1]},"o":{"a":0,"k":100},"r":1,"bm":0,"nm":"Fill 1","hd":false},{"ty":"tr","p":{"a":0,"k":[722.785,911.962]},"a":{"a":0,"k":[0,0]},"s":{"a":0,"k":[100,100]},"r":{"a":0,"k":0},"o":{"a":0,"k":100},"sk":{"a":0,"k":0},"sa":{"a":0,"k":0},"nm":"Transform"}],"nm":"Group 11","bm":0,"hd":false},{"ty":"gr","it":[{"ind":0,"ty":"sh","ks":{"a":0,"k":{"i":[[-132.133,-57.289],[46.5,-133.86],[-2.772,6.393],[138.526,60.061],[60.061,-138.526],[2.25,-6.477]],"o":[[132.133,57.289],[3.19,-6.069],[60.061,-138.526],[-138.526,-60.061],[-2.772,6.393],[65.924,-125.438]],"v":[[84.72,-139.813],[234.32,200.449],[243.271,181.755],[101.198,-177.818],[-258.375,-35.745],[-265.902,-16.434]],"c":true}},"nm":"Path 1","hd":false},{"ty":"fl","c":{"a":0,"k":[0.215686276555,0.239215686917,0.23137255013,1]},"o":{"a":0,"k":100},"r":1,"bm":0,"nm":"Fill 1","hd":false},{"ty":"tr","p":{"a":0,"k":[734.752,546.429]},"a":{"a":0,"k":[0,0]},"s":{"a":0,"k":[100,100]},"r":{"a":0,"k":0},"o":{"a":0,"k":100},"sk":{"a":0,"k":0},"sa":{"a":0,"k":0},"nm":"Transform"}],"nm":"Group 12","bm":0,"hd":false},{"ty":"gr","it":[{"ind":0,"ty":"sh","ks":{"a":0,"k":{"i":[[132.133,57.289],[-46.5,133.86],[2.772,-6.393],[-138.526,-60.061],[-60.061,138.526],[-2.25,6.477]],"o":[[-132.133,-57.289],[-3.19,6.069],[-60.061,138.526],[138.526,60.061],[2.772,-6.393],[-65.924,125.438]],"v":[[-84.72,139.813],[-234.32,-200.449],[-243.271,-181.755],[-101.198,177.818],[258.375,35.745],[265.902,16.434]],"c":true}},"nm":"Path 1","hd":false},{"ty":"st","c":{"a":0,"k":[0.215686276555,0.239215686917,0.23137255013,1]},"o":{"a":0,"k":100},"w":{"a":0,"k":2},"lc":1,"lj":1,"ml":10,"bm":0,"nm":"Stroke 1","hd":false},{"ty":"fl","c":{"a":0,"k":[1,1,1,1]},"o":{"a":0,"k":100},"r":1,"bm":0,"nm":"Fill 1","hd":false},{"ty":"tr","p":{"a":0,"k":[703.17,730.444]},"a":{"a":0,"k":[0,0]},"s":{"a":0,"k":[100,100]},"r":{"a":0,"k":0},"o":{"a":0,"k":100},"sk":{"a":0,"k":0},"sa":{"a":0,"k":0},"nm":"Transform"}],"nm":"Group 13","bm":0,"hd":false},{"ty":"gr","it":[{"ind":0,"ty":"sh","ks":{"a":0,"k":{"i":[[60.061,-138.526],[138.526,60.061],[-60.061,138.526],[-138.526,-60.061]],"o":[[-60.061,138.526],[-138.526,-60.061],[60.061,-138.526],[138.526,60.061]],"v":[[250.823,108.75],[-108.75,250.823],[-250.823,-108.75],[108.75,-250.823]],"c":true}},"nm":"Path 1","hd":false},{"ty":"st","c":{"a":0,"k":[0.215686276555,0.239215686917,0.23137255013,1]},"o":{"a":0,"k":100},"w":{"a":0,"k":2},"lc":1,"lj":1,"ml":10,"bm":0,"nm":"Stroke 1","hd":false},{"ty":"tr","p":{"a":0,"k":[727.2,619.434]},"a":{"a":0,"k":[0,0]},"s":{"a":0,"k":[100,100]},"r":{"a":0,"k":0},"o":{"a":0,"k":100},"sk":{"a":0,"k":0},"sa":{"a":0,"k":0},"nm":"Transform"}],"nm":"Group 14","bm":0,"hd":false},{"ty":"tr","p":{"a":0,"k":[727.2,619.434]},"a":{"a":0,"k":[727.2,619.434]},"s":{"a":0,"k":[100,100]},"r":{"a":0,"k":0},"o":{"a":0,"k":100},"sk":{"a":0,"k":0},"sa":{"a":0,"k":0},"nm":"Transform"}],"nm":"Group 2","bm":0,"hd":false},{"ty":"tr","p":{"a":0,"k":[727.2,619.434]},"a":{"a":0,"k":[727.2,619.434]},"s":{"a":0,"k":[100,100]},"r":{"a":0,"k":0},"o":{"a":0,"k":100},"sk":{"a":0,"k":0},"sa":{"a":0,"k":0},"nm":"Transform"}],"nm":"Group 1","bm":0,"hd":false},{"ty":"gr","it":[{"ind":0,"ty":"sh","ks":{"a":0,"k":{"i":[[0,0]],"o":[[0,0]],"v":[[0,0]],"c":false}},"nm":"Path 1","hd":false},{"ty":"st","c":{"a":0,"k":[0.215686276555,0.239215686917,0.23137255013,1]},"o":{"a":0,"k":100},"w":{"a":0,"k":2},"lc":1,"lj":1,"ml":10,"bm":0,"nm":"Stroke 1","hd":false},{"ty":"fl","c":{"a":0,"k":[1,1,1,1]},"o":{"a":0,"k":100},"r":1,"bm":0,"nm":"Fill 1","hd":false},{"ty":"tr","p":{"a":0,"k":[338.217,706.015]},"a":{"a":0,"k":[0,0]},"s":{"a":0,"k":[100,100]},"r":{"a":0,"k":0},"o":{"a":0,"k":100},"sk":{"a":0,"k":0},"sa":{"a":0,"k":0},"nm":"Transform"}],"nm":"Group 2","bm":0,"hd":false},{"ty":"gr","it":[{"ind":0,"ty":"sh","ks":{"a":0,"k":{"i":[[0,0]],"o":[[0,0]],"v":[[0,0]],"c":false}},"nm":"Path 1","hd":false},{"ty":"st","c":{"a":0,"k":[0.215686276555,0.239215686917,0.23137255013,1]},"o":{"a":0,"k":100},"w":{"a":0,"k":2},"lc":1,"lj":1,"ml":10,"bm":0,"nm":"Stroke 1","hd":false},{"ty":"fl","c":{"a":0,"k":[1,1,1,1]},"o":{"a":0,"k":100},"r":1,"bm":0,"nm":"Fill 1","hd":false},{"ty":"tr","p":{"a":0,"k":[338.217,664.679]},"a":{"a":0,"k":[0,0]},"s":{"a":0,"k":[100,100]},"r":{"a":0,"k":0},"o":{"a":0,"k":100},"sk":{"a":0,"k":0},"sa":{"a":0,"k":0},"nm":"Transform"}],"nm":"Group 3","bm":0,"hd":false}],"ip":0,"op":120,"st":0,"ct":1,"bm":0},{"ddd":0,"ind":2,"ty":4,"nm":"lupa 2","parent":1,"td":1,"sr":1,"ks":{"o":{"a":0,"k":100},"r":{"a":0,"k":0},"p":{"a":0,"k":[783.84,701.959,0]},"a":{"a":0,"k":[783.84,701.959,0]},"s":{"a":0,"k":[100,100,100]}},"ao":0,"shapes":[{"ty":"gr","it":[{"ty":"gr","it":[{"ty":"gr","it":[{"ind":0,"ty":"sh","ks":{"a":0,"k":{"i":[[-132.133,-57.289],[46.5,-133.86],[-1.311,6.844],[138.526,60.061],[82.623,-110.684],[2.25,-6.477]],"o":[[132.133,57.289],[3.19,-6.069],[23.977,-125.184],[-138.526,-60.061],[-4.168,5.584],[65.924,-125.438]],"v":[[84.72,-139.813],[234.32,200.449],[243.271,181.755],[85.198,-138.818],[-258.375,-35.745],[-265.902,-16.434]],"c":true}},"nm":"Path 1","hd":false},{"ty":"fl","c":{"a":0,"k":[0.215686276555,0.239215686917,0.23137255013,1]},"o":{"a":0,"k":100},"r":1,"bm":0,"nm":"Fill 1","hd":false},{"ty":"tr","p":{"a":0,"k":[734.752,546.429]},"a":{"a":0,"k":[0,0]},"s":{"a":0,"k":[100,100]},"r":{"a":0,"k":0},"o":{"a":0,"k":100},"sk":{"a":0,"k":0},"sa":{"a":0,"k":0},"nm":"Transform"}],"nm":"Group 12","bm":0,"hd":false},{"ty":"gr","it":[{"ind":0,"ty":"sh","ks":{"a":0,"k":{"i":[[22.977,-121.185],[138.526,60.061],[-60.061,138.526],[-138.526,-60.061]],"o":[[-60.061,138.526],[-138.526,-60.061],[75.623,-107.684],[138.526,60.061]],"v":[[250.823,108.75],[-108.75,250.823],[-250.823,-108.75],[92.75,-211.823]],"c":true}},"nm":"Path 1","hd":false},{"ty":"st","c":{"a":0,"k":[0.215686276555,0.239215686917,0.23137255013,1]},"o":{"a":0,"k":100},"w":{"a":0,"k":2},"lc":1,"lj":1,"ml":10,"bm":0,"nm":"Stroke 1","hd":false},{"ty":"tr","p":{"a":0,"k":[727.2,619.434]},"a":{"a":0,"k":[0,0]},"s":{"a":0,"k":[100,100]},"r":{"a":0,"k":0},"o":{"a":0,"k":100},"sk":{"a":0,"k":0},"sa":{"a":0,"k":0},"nm":"Transform"}],"nm":"Group 14","bm":0,"hd":false},{"ty":"tr","p":{"a":0,"k":[727.2,619.434]},"a":{"a":0,"k":[727.2,619.434]},"s":{"a":0,"k":[100,100]},"r":{"a":0,"k":0},"o":{"a":0,"k":100},"sk":{"a":0,"k":0},"sa":{"a":0,"k":0},"nm":"Transform"}],"nm":"Group 2","bm":0,"hd":false},{"ty":"tr","p":{"a":0,"k":[727.2,619.434]},"a":{"a":0,"k":[727.2,619.434]},"s":{"a":0,"k":[100,100]},"r":{"a":0,"k":0},"o":{"a":0,"k":100},"sk":{"a":0,"k":0},"sa":{"a":0,"k":0},"nm":"Transform"}],"nm":"Group 1","bm":0,"hd":false},{"ty":"fl","c":{"a":0,"k":[0.215686276555,0.239215686917,0.23137255013,1]},"o":{"a":0,"k":100},"r":1,"bm":0,"nm":"Fill 1","hd":false}],"ip":0,"op":120,"st":0,"ct":1,"bm":0},{"ddd":0,"ind":3,"ty":0,"nm":"All","tt":1,"refId":"comp_0","sr":1,"ks":{"o":{"a":0,"k":100},"r":{"a":0,"k":0},"p":{"a":0,"k":[800,800,0]},"a":{"a":0,"k":[800,800,0]},"s":{"a":0,"k":[115,115,100]}},"ao":0,"w":1600,"h":1600,"ip":0,"op":120,"st":0,"bm":0},{"ddd":0,"ind":4,"ty":0,"nm":"All","refId":"comp_0","sr":1,"ks":{"o":{"a":0,"k":100},"r":{"a":0,"k":0},"p":{"a":0,"k":[800,800,0]},"a":{"a":0,"k":[800,800,0]},"s":{"a":0,"k":[100,100,100]}},"ao":0,"w":1600,"h":1600,"ip":0,"op":120,"st":0,"ct":1,"bm":0}],"markers":[]}