{"nm":"User","ddd":0,"h":1000,"w":1000,"meta":{"g":"LottieFiles AE 0.1.20"},"layers":[{"ty":4,"nm":"Layer 1 Outlines","sr":1,"st":0,"op":250,"ip":0,"hd":false,"ddd":0,"bm":0,"hasMask":false,"ao":0,"ks":{"a":{"a":0,"k":[428.342,494.37,0],"ix":1},"s":{"a":0,"k":[100,100,100],"ix":6},"sk":{"a":0,"k":0},"p":{"a":0,"k":[500,500.305,0],"ix":2},"r":{"a":0,"k":0,"ix":10},"sa":{"a":0,"k":0},"o":{"a":1,"k":[{"o":{"x":0.333,"y":0},"i":{"x":0.667,"y":1},"s":[100],"t":14},{"s":[0],"t":15}],"ix":11}},"ef":[],"shapes":[{"ty":"gr","bm":0,"hd":false,"mn":"ADBE Vector Group","nm":"Group 1","ix":1,"cix":2,"np":2,"it":[{"ty":"sh","bm":0,"hd":false,"mn":"ADBE Vector Shape - Group","nm":"Path 1","ix":1,"d":1,"ks":{"a":0,"k":{"c":true,"i":[[0,93.473],[-93.473,0],[0,-93.473],[93.473,0]],"o":[[0,-93.473],[93.473,0],[0,93.473],[-93.473,0]],"v":[[-169.248,0],[0,-169.248],[169.248,0],[0,169.248]]},"ix":2}},{"ty":"st","bm":0,"hd":false,"mn":"ADBE Vector Graphic - Stroke","nm":"Stroke 1","lc":2,"lj":2,"ml":1,"o":{"a":0,"k":100,"ix":4},"w":{"a":0,"k":47,"ix":5},"c":{"a":1,"k":[{"o":{"x":0.333,"y":0},"i":{"x":0.833,"y":1},"s":[0.0784,0.7216,0.651],"t":0},{"s":[0.051,0.5804,0.5333],"t":5}],"ix":3}},{"ty":"tr","a":{"a":0,"k":[0,0],"ix":1},"s":{"a":0,"k":[100,100],"ix":3},"sk":{"a":0,"k":0,"ix":4},"p":{"a":0,"k":[428.342,286.748],"ix":2},"r":{"a":0,"k":0,"ix":6},"sa":{"a":0,"k":0,"ix":5},"o":{"a":0,"k":100,"ix":7}}]},{"ty":"gr","bm":0,"hd":false,"mn":"ADBE Vector Group","nm":"Group 2","ix":2,"cix":2,"np":2,"it":[{"ty":"sh","bm":0,"hd":false,"mn":"ADBE Vector Shape - Group","nm":"Path 1","ix":1,"d":1,"ks":{"a":0,"k":{"c":true,"i":[[1.001,14.488],[0,0],[3.082,17.225],[4.699,14.677],[7.919,13.93],[10.273,9.831],[14.821,5.866],[16.294,0.436],[0,0],[0,0],[4.363,-2.841],[12.785,-8.173],[19.383,-6.263],[19.525,0],[19.406,6.275],[12.139,7.738],[10.029,6.535],[3.059,1.627],[0,0],[0,0],[13.646,-5.404],[10.29,-9.852],[7.921,-13.929],[4.695,-14.664],[3.08,-17.146],[1.023,-14.798],[0,-15.601],[-21.466,-20.433],[-14.643,-5.103],[-17.417,0],[0,0],[-13.942,4.859],[-10.993,10.463],[-5.376,14.366],[-0.002,17.229]],"o":[[0,0],[-1.018,-14.698],[-3.067,-17.108],[-4.69,-14.654],[-7.922,-13.941],[-10.304,-9.856],[-13.649,-5.403],[0,0],[0,0],[-3.01,1.602],[-9.316,6.075],[-12.104,7.718],[-19.405,6.271],[-19.525,0],[-19.363,-6.249],[-11.744,-7.501],[-4.325,-2.821],[0,0],[0,0],[-16.292,0.436],[-14.835,5.869],[-10.271,9.837],[-7.912,13.93],[-4.682,14.626],[-3.078,17.128],[-1.023,14.691],[0,35.256],[10.992,10.461],[13.941,4.858],[0,0],[17.415,0],[14.644,-5.103],[10.988,-10.454],[5.101,-13.633],[-0.003,-15.378]],"v":[[309.329,24.263],[309.285,23.609],[303.106,-24.499],[291.402,-72.396],[272.399,-115.473],[244.978,-151.299],[207.114,-174.991],[161.988,-183.791],[155.657,-183.96],[150.067,-180.982],[138.954,-174.286],[106.117,-153.117],[58.651,-132.039],[-0.017,-122.589],[-58.687,-132.045],[-106.156,-153.121],[-138.979,-174.28],[-150.113,-180.988],[-155.7,-183.96],[-162.025,-183.791],[-207.142,-174.989],[-245.011,-151.294],[-272.426,-115.479],[-291.424,-72.391],[-303.121,-24.511],[-309.301,23.603],[-310.842,69.26],[-278.492,153.185],[-239.861,176.639],[-192.603,183.96],[192.598,183.96],[239.853,176.637],[278.488,153.178],[303.151,115.771],[310.842,69.262]]},"ix":2}},{"ty":"st","bm":0,"hd":false,"mn":"ADBE Vector Graphic - Stroke","nm":"Stroke 1","lc":2,"lj":2,"ml":1,"o":{"a":0,"k":100,"ix":4},"w":{"a":0,"k":47,"ix":5},"c":{"a":1,"k":[{"o":{"x":0.333,"y":0},"i":{"x":0.833,"y":1},"s":[0.0784,0.7216,0.651],"t":0},{"s":[0.051,0.5804,0.5333],"t":5}],"ix":3}},{"ty":"tr","a":{"a":0,"k":[0,0],"ix":1},"s":{"a":0,"k":[100,100],"ix":3},"sk":{"a":0,"k":0,"ix":4},"p":{"a":0,"k":[428.342,687.279],"ix":2},"r":{"a":0,"k":0,"ix":6},"sa":{"a":0,"k":0,"ix":5},"o":{"a":0,"k":100,"ix":7}}]},{"ty":"tm","bm":0,"hd":false,"mn":"ADBE Vector Filter - Trim","nm":"Trim Paths 1","ix":3,"e":{"a":1,"k":[{"o":{"x":0.333,"y":0},"i":{"x":0.667,"y":1},"s":[100],"t":0},{"s":[100],"t":15}],"ix":2},"o":{"a":1,"k":[{"o":{"x":0.333,"y":0},"i":{"x":0.667,"y":1},"s":[0],"t":0},{"s":[-100],"t":15}],"ix":3},"s":{"a":1,"k":[{"o":{"x":0.333,"y":0},"i":{"x":0.667,"y":1},"s":[100],"t":0},{"s":[0],"t":15}],"ix":1},"m":1}],"ind":1},{"ty":4,"nm":"Layer 1 Outlines 2","sr":1,"st":0,"op":250,"ip":0,"hd":false,"ddd":0,"bm":0,"hasMask":false,"ao":0,"ks":{"a":{"a":0,"k":[428.342,494.37,0],"ix":1},"s":{"a":1,"k":[{"o":{"x":0.333,"y":0},"i":{"x":0.667,"y":1},"s":[100,100,100],"t":15},{"o":{"x":0.333,"y":0},"i":{"x":0.667,"y":1},"s":[105,105,100],"t":20},{"o":{"x":0.333,"y":0},"i":{"x":0.667,"y":1},"s":[97,97,100],"t":25},{"s":[100,100,100],"t":30}],"ix":6},"sk":{"a":0,"k":0},"p":{"a":0,"k":[500.001,500,0],"ix":2},"r":{"a":0,"k":0,"ix":10},"sa":{"a":0,"k":0},"o":{"a":0,"k":100,"ix":11}},"ef":[],"shapes":[{"ty":"gr","bm":0,"hd":false,"mn":"ADBE Vector Group","nm":"Group 1","ix":1,"cix":2,"np":2,"it":[{"ty":"sh","bm":0,"hd":false,"mn":"ADBE Vector Shape - Group","nm":"Path 1","ix":1,"d":1,"ks":{"a":1,"k":[{"o":{"x":0.333,"y":0},"i":{"x":0.667,"y":1},"s":[{"c":true,"i":[[0,93.473],[-93.473,0],[0,-93.473],[93.473,0]],"o":[[0,-93.473],[93.473,0],[0,93.473],[-93.473,0]],"v":[[-169.248,0],[0,-169.248],[169.248,0],[0,169.248]]}],"t":15},{"o":{"x":0.333,"y":0},"i":{"x":0.667,"y":1},"s":[{"c":true,"i":[[0,93.473],[-93.473,0],[0,-93.473],[93.473,0]],"o":[[0,-93.473],[93.473,0],[0,93.473],[-93.473,0]],"v":[[-168.75,-23.81],[0.498,-193.058],[169.746,-23.81],[0.498,145.439]]}],"t":20},{"o":{"x":0.333,"y":0},"i":{"x":0.667,"y":1},"s":[{"c":true,"i":[[0,93.473],[-93.473,0],[0,-93.473],[93.473,0]],"o":[[0,-93.473],[93.473,0],[0,93.473],[-93.473,0]],"v":[[-168.723,41.237],[0.525,-128.011],[169.773,41.237],[0.525,210.485]]}],"t":25},{"s":[{"c":true,"i":[[0,93.473],[-93.473,0],[0,-93.473],[93.473,0]],"o":[[0,-93.473],[93.473,0],[0,93.473],[-93.473,0]],"v":[[-169.248,0],[0,-169.248],[169.248,0],[0,169.248]]}],"t":30}],"ix":2}},{"ty":"st","bm":0,"hd":false,"mn":"ADBE Vector Graphic - Stroke","nm":"Stroke 1","lc":1,"lj":1,"ml":10,"o":{"a":0,"k":100,"ix":4},"w":{"a":0,"k":47,"ix":5},"c":{"a":1,"k":[{"o":{"x":0.333,"y":0},"i":{"x":0.667,"y":1},"s":[0.0784,0.7216,0.651],"t":0},{"o":{"x":0.333,"y":0},"i":{"x":0.667,"y":1},"s":[0.0784,0.7216,0.651],"t":14},{"s":[0.051,0.5804,0.5333],"t":15}],"ix":3}},{"ty":"tr","a":{"a":0,"k":[0,0],"ix":1},"s":{"a":0,"k":[100,100],"ix":3},"sk":{"a":0,"k":0,"ix":4},"p":{"a":0,"k":[428.342,286.748],"ix":2},"r":{"a":0,"k":0,"ix":6},"sa":{"a":0,"k":0,"ix":5},"o":{"a":0,"k":100,"ix":7}}]},{"ty":"gr","bm":0,"hd":false,"mn":"ADBE Vector Group","nm":"Group 2","ix":2,"cix":2,"np":2,"it":[{"ty":"sh","bm":0,"hd":false,"mn":"ADBE Vector Shape - Group","nm":"Path 1","ix":1,"d":1,"ks":{"a":0,"k":{"c":true,"i":[[1.001,14.488],[0,0],[3.082,17.225],[4.699,14.677],[7.919,13.93],[10.273,9.831],[14.821,5.866],[16.294,0.436],[0,0],[0,0],[4.363,-2.841],[12.785,-8.173],[19.383,-6.263],[19.525,0],[19.406,6.275],[12.139,7.738],[10.029,6.535],[3.059,1.627],[0,0],[0,0],[13.646,-5.404],[10.29,-9.852],[7.921,-13.929],[4.695,-14.664],[3.08,-17.146],[1.023,-14.798],[0,-15.601],[-21.466,-20.433],[-14.643,-5.103],[-17.417,0],[0,0],[-13.942,4.859],[-10.993,10.463],[-5.376,14.366],[-0.002,17.229]],"o":[[0,0],[-1.018,-14.698],[-3.067,-17.108],[-4.69,-14.654],[-7.922,-13.941],[-10.304,-9.856],[-13.649,-5.403],[0,0],[0,0],[-3.01,1.602],[-9.316,6.075],[-12.104,7.718],[-19.405,6.271],[-19.525,0],[-19.363,-6.249],[-11.744,-7.501],[-4.325,-2.821],[0,0],[0,0],[-16.292,0.436],[-14.835,5.869],[-10.271,9.837],[-7.912,13.93],[-4.682,14.626],[-3.078,17.128],[-1.023,14.691],[0,35.256],[10.992,10.461],[13.941,4.858],[0,0],[17.415,0],[14.644,-5.103],[10.988,-10.454],[5.101,-13.633],[-0.003,-15.378]],"v":[[309.329,24.263],[309.285,23.609],[303.106,-24.499],[291.402,-72.396],[272.399,-115.473],[244.978,-151.299],[207.114,-174.991],[161.988,-183.791],[155.657,-183.96],[150.067,-180.982],[138.954,-174.286],[106.117,-153.117],[58.651,-132.039],[-0.017,-122.589],[-58.687,-132.045],[-106.156,-153.121],[-138.979,-174.28],[-150.113,-180.988],[-155.7,-183.96],[-162.025,-183.791],[-207.142,-174.989],[-245.011,-151.294],[-272.426,-115.479],[-291.424,-72.391],[-303.121,-24.511],[-309.301,23.603],[-310.842,69.26],[-278.492,153.185],[-239.861,176.639],[-192.603,183.96],[192.598,183.96],[239.853,176.637],[278.488,153.178],[303.151,115.771],[310.842,69.262]]},"ix":2}},{"ty":"st","bm":0,"hd":false,"mn":"ADBE Vector Graphic - Stroke","nm":"Stroke 1","lc":2,"lj":2,"ml":1,"o":{"a":0,"k":100,"ix":4},"w":{"a":0,"k":47,"ix":5},"c":{"a":1,"k":[{"o":{"x":0.333,"y":0},"i":{"x":0.667,"y":1},"s":[0.0784,0.7216,0.651],"t":0},{"o":{"x":0.333,"y":0},"i":{"x":0.667,"y":1},"s":[0.0784,0.7216,0.651],"t":14},{"s":[0.051,0.5804,0.5333],"t":15}],"ix":3}},{"ty":"tr","a":{"a":0,"k":[0,0],"ix":1},"s":{"a":0,"k":[100,100],"ix":3},"sk":{"a":0,"k":0,"ix":4},"p":{"a":0,"k":[428.342,687.279],"ix":2},"r":{"a":0,"k":0,"ix":6},"sa":{"a":0,"k":0,"ix":5},"o":{"a":0,"k":100,"ix":7}}]}],"ind":2}],"v":"5.5.7","fr":25,"op":50,"ip":0,"assets":[]}