{"v":"4.8.0","meta":{"g":"LottieFiles AE 3.1.1","a":"","k":"","d":"","tc":""},"fr":29.9700012207031,"ip":0,"op":71.0000028918893,"w":512,"h":512,"nm":"Comp 1","ddd":0,"assets":[{"id":"comp_0","layers":[{"ddd":0,"ind":1,"ty":4,"nm":"Dot 3","sr":1,"ks":{"o":{"a":0,"k":100,"ix":11},"r":{"a":0,"k":0,"ix":10},"p":{"a":0,"k":[561.84,427.84,0],"ix":2},"a":{"a":0,"k":[-788.16,-164.16,0],"ix":1},"s":{"a":1,"k":[{"i":{"x":[0.169,0.169,0.667],"y":[1,1,1]},"o":{"x":[0.06,0.06,0.333],"y":[0.528,0.528,0]},"t":32.967,"s":[0,0,100]},{"i":{"x":[0.288,0.288,0.667],"y":[1,1,1]},"o":{"x":[0.489,0.489,0.333],"y":[0,0,0]},"t":37.962,"s":[235,235,100]},{"i":{"x":[0.833,0.833,0.833],"y":[1,1,1]},"o":{"x":[0.167,0.167,0.167],"y":[0,0,0]},"t":39.96,"s":[218.245,218.245,100]},{"i":{"x":[0.646,0.646,0.833],"y":[1,1,1]},"o":{"x":[0.833,0.833,0.167],"y":[0,0,0]},"t":47.952,"s":[218.245,218.245,100]},{"i":{"x":[0.94,0.94,0.833],"y":[0.479,0.479,1]},"o":{"x":[0.897,0.897,0.167],"y":[0,0,0]},"t":49.95,"s":[235,235,100]},{"i":{"x":[0.833,0.833,0.833],"y":[1,1,1]},"o":{"x":[0.167,0.167,0.167],"y":[0,0,0]},"t":54.945,"s":[0,0,100]},{"i":{"x":[0.169,0.169,0.667],"y":[1,1,1]},"o":{"x":[0.06,0.06,0.333],"y":[0.528,0.528,0]},"t":62.937,"s":[0,0,100]},{"i":{"x":[0.288,0.288,0.667],"y":[1,1,1]},"o":{"x":[0.489,0.489,0.333],"y":[0,0,0]},"t":67.932,"s":[235,235,100]},{"i":{"x":[0.833,0.833,0.833],"y":[1,1,1]},"o":{"x":[0.167,0.167,0.167],"y":[0,0,0]},"t":69.93,"s":[218.245,218.245,100]},{"i":{"x":[0.646,0.646,0.833],"y":[1,1,1]},"o":{"x":[0.833,0.833,0.167],"y":[0,0,0]},"t":77.922,"s":[218.245,218.245,100]},{"i":{"x":[0.94,0.94,0.833],"y":[0.479,0.479,1]},"o":{"x":[0.897,0.897,0.167],"y":[0,0,0]},"t":79.92,"s":[235,235,100]},{"t":84.9150034586589,"s":[0,0,100]}],"ix":6}},"ao":0,"shapes":[{"ty":"gr","it":[{"d":1,"ty":"el","s":{"a":0,"k":[23.68,23.68],"ix":2},"p":{"a":0,"k":[0,0],"ix":3},"nm":"Ellipse Path 1","mn":"ADBE Vector Shape - Ellipse","hd":false},{"ty":"fl","c":{"a":0,"k":[1,1,1,1],"ix":4},"o":{"a":0,"k":100,"ix":5},"r":1,"bm":0,"nm":"Fill 1","mn":"ADBE Vector Graphic - Fill","hd":false},{"ty":"tr","p":{"a":0,"k":[-788.16,-164.16],"ix":2},"a":{"a":0,"k":[0,0],"ix":1},"s":{"a":0,"k":[100,100],"ix":3},"r":{"a":0,"k":0,"ix":6},"o":{"a":0,"k":100,"ix":7},"sk":{"a":0,"k":0,"ix":4},"sa":{"a":0,"k":0,"ix":5},"nm":"Transform"}],"nm":"Ellipse 1","np":2,"cix":2,"bm":0,"ix":1,"mn":"ADBE Vector Group","hd":false}],"ip":0,"op":149.850006103516,"st":0,"bm":0},{"ddd":0,"ind":2,"ty":4,"nm":"Dot 2","sr":1,"ks":{"o":{"a":0,"k":100,"ix":11},"r":{"a":0,"k":0,"ix":10},"p":{"a":0,"k":[457.84,427.84,0],"ix":2},"a":{"a":0,"k":[-788.16,-164.16,0],"ix":1},"s":{"a":1,"k":[{"i":{"x":[0.169,0.169,0.667],"y":[1,1,1]},"o":{"x":[0.06,0.06,0.333],"y":[0.528,0.528,0]},"t":28.971,"s":[0,0,100]},{"i":{"x":[0.288,0.288,0.667],"y":[1,1,1]},"o":{"x":[0.489,0.489,0.333],"y":[0,0,0]},"t":33.966,"s":[235,235,100]},{"i":{"x":[0.833,0.833,0.833],"y":[1,1,1]},"o":{"x":[0.167,0.167,0.167],"y":[0,0,0]},"t":35.964,"s":[218.245,218.245,100]},{"i":{"x":[0.646,0.646,0.833],"y":[1,1,1]},"o":{"x":[0.833,0.833,0.167],"y":[0,0,0]},"t":43.956,"s":[218.245,218.245,100]},{"i":{"x":[0.94,0.94,0.833],"y":[0.479,0.479,1]},"o":{"x":[0.897,0.897,0.167],"y":[0,0,0]},"t":45.954,"s":[235,235,100]},{"i":{"x":[0.833,0.833,0.833],"y":[1,1,1]},"o":{"x":[0.167,0.167,0.167],"y":[0,0,0]},"t":50.949,"s":[0,0,100]},{"i":{"x":[0.169,0.169,0.667],"y":[1,1,1]},"o":{"x":[0.06,0.06,0.333],"y":[0.528,0.528,0]},"t":58.941,"s":[0,0,100]},{"i":{"x":[0.288,0.288,0.667],"y":[1,1,1]},"o":{"x":[0.489,0.489,0.333],"y":[0,0,0]},"t":63.936,"s":[235,235,100]},{"i":{"x":[0.833,0.833,0.833],"y":[1,1,1]},"o":{"x":[0.167,0.167,0.167],"y":[0,0,0]},"t":65.934,"s":[218.245,218.245,100]},{"i":{"x":[0.646,0.646,0.833],"y":[1,1,1]},"o":{"x":[0.833,0.833,0.167],"y":[0,0,0]},"t":73.926,"s":[218.245,218.245,100]},{"i":{"x":[0.94,0.94,0.833],"y":[0.479,0.479,1]},"o":{"x":[0.897,0.897,0.167],"y":[0,0,0]},"t":75.924,"s":[235,235,100]},{"t":80.9190032958984,"s":[0,0,100]}],"ix":6}},"ao":0,"shapes":[{"ty":"gr","it":[{"d":1,"ty":"el","s":{"a":0,"k":[23.68,23.68],"ix":2},"p":{"a":0,"k":[0,0],"ix":3},"nm":"Ellipse Path 1","mn":"ADBE Vector Shape - Ellipse","hd":false},{"ty":"fl","c":{"a":0,"k":[1,1,1,1],"ix":4},"o":{"a":0,"k":100,"ix":5},"r":1,"bm":0,"nm":"Fill 1","mn":"ADBE Vector Graphic - Fill","hd":false},{"ty":"tr","p":{"a":0,"k":[-788.16,-164.16],"ix":2},"a":{"a":0,"k":[0,0],"ix":1},"s":{"a":0,"k":[100,100],"ix":3},"r":{"a":0,"k":0,"ix":6},"o":{"a":0,"k":100,"ix":7},"sk":{"a":0,"k":0,"ix":4},"sa":{"a":0,"k":0,"ix":5},"nm":"Transform"}],"nm":"Ellipse 1","np":2,"cix":2,"bm":0,"ix":1,"mn":"ADBE Vector Group","hd":false}],"ip":0,"op":149.850006103516,"st":0,"bm":0},{"ddd":0,"ind":3,"ty":4,"nm":"Dot 1","sr":1,"ks":{"o":{"a":0,"k":100,"ix":11},"r":{"a":0,"k":0,"ix":10},"p":{"a":0,"k":[353.84,427.84,0],"ix":2},"a":{"a":0,"k":[-788.16,-164.16,0],"ix":1},"s":{"a":1,"k":[{"i":{"x":[0.169,0.169,0.667],"y":[1,1,1]},"o":{"x":[0.06,0.06,0.333],"y":[0.528,0.528,0]},"t":24.975,"s":[0,0,100]},{"i":{"x":[0.288,0.288,0.667],"y":[1,1,1]},"o":{"x":[0.489,0.489,0.333],"y":[0,0,0]},"t":29.97,"s":[235,235,100]},{"i":{"x":[0.833,0.833,0.833],"y":[1,1,1]},"o":{"x":[0.167,0.167,0.167],"y":[0,0,0]},"t":31.968,"s":[218.245,218.245,100]},{"i":{"x":[0.646,0.646,0.833],"y":[1,1,1]},"o":{"x":[0.833,0.833,0.167],"y":[0,0,0]},"t":39.96,"s":[218.245,218.245,100]},{"i":{"x":[0.94,0.94,0.833],"y":[0.479,0.479,1]},"o":{"x":[0.897,0.897,0.167],"y":[0,0,0]},"t":41.958,"s":[235,235,100]},{"i":{"x":[0.833,0.833,0.833],"y":[1,1,1]},"o":{"x":[0.167,0.167,0.167],"y":[0,0,0]},"t":46.953,"s":[0,0,100]},{"i":{"x":[0.169,0.169,0.667],"y":[1,1,1]},"o":{"x":[0.06,0.06,0.333],"y":[0.528,0.528,0]},"t":54.945,"s":[0,0,100]},{"i":{"x":[0.288,0.288,0.667],"y":[1,1,1]},"o":{"x":[0.489,0.489,0.333],"y":[0,0,0]},"t":59.94,"s":[235,235,100]},{"i":{"x":[0.833,0.833,0.833],"y":[1,1,1]},"o":{"x":[0.167,0.167,0.167],"y":[0,0,0]},"t":61.938,"s":[218.245,218.245,100]},{"i":{"x":[0.646,0.646,0.833],"y":[1,1,1]},"o":{"x":[0.833,0.833,0.167],"y":[0,0,0]},"t":69.93,"s":[218.245,218.245,100]},{"i":{"x":[0.94,0.94,0.833],"y":[0.479,0.479,1]},"o":{"x":[0.897,0.897,0.167],"y":[0,0,0]},"t":71.928,"s":[235,235,100]},{"t":76.923003133138,"s":[0,0,100]}],"ix":6}},"ao":0,"shapes":[{"ty":"gr","it":[{"d":1,"ty":"el","s":{"a":0,"k":[23.68,23.68],"ix":2},"p":{"a":0,"k":[0,0],"ix":3},"nm":"Ellipse Path 1","mn":"ADBE Vector Shape - Ellipse","hd":false},{"ty":"fl","c":{"a":0,"k":[1,1,1,1],"ix":4},"o":{"a":0,"k":100,"ix":5},"r":1,"bm":0,"nm":"Fill 1","mn":"ADBE Vector Graphic - Fill","hd":false},{"ty":"tr","p":{"a":0,"k":[-788.16,-164.16],"ix":2},"a":{"a":0,"k":[0,0],"ix":1},"s":{"a":0,"k":[100,100],"ix":3},"r":{"a":0,"k":0,"ix":6},"o":{"a":0,"k":100,"ix":7},"sk":{"a":0,"k":0,"ix":4},"sa":{"a":0,"k":0,"ix":5},"nm":"Transform"}],"nm":"Ellipse 1","np":2,"cix":2,"bm":0,"ix":1,"mn":"ADBE Vector Group","hd":false}],"ip":0,"op":149.850006103516,"st":0,"bm":0},{"ddd":0,"ind":4,"ty":4,"nm":"Orange Bubble","sr":1,"ks":{"o":{"a":0,"k":100,"ix":11},"r":{"a":1,"k":[{"i":{"x":[0.312],"y":[1]},"o":{"x":[0.044],"y":[-1.033]},"t":2.997,"s":[0]},{"i":{"x":[0.241],"y":[1]},"o":{"x":[0.476],"y":[0]},"t":12.526,"s":[4]},{"t":19.9800008138021,"s":[0]}],"ix":10},"p":{"a":0,"k":[730,800.013,0],"ix":2},"a":{"a":0,"k":[94,180,0],"ix":1},"s":{"a":1,"k":[{"i":{"x":[0.047,0.047,0.667],"y":[1,1,1]},"o":{"x":[0.066,0.066,0.333],"y":[0.674,0.674,0]},"t":2.997,"s":[0,0,100]},{"i":{"x":[0.435,0.435,0.667],"y":[1,1,1]},"o":{"x":[0.473,0.473,0.333],"y":[0,0,0]},"t":13.986,"s":[106,106,100]},{"t":19.9800008138021,"s":[100,100,100]}],"ix":6}},"ao":0,"shapes":[{"ty":"gr","it":[{"ind":0,"ty":"sh","ix":1,"ks":{"a":0,"k":{"i":[[-0.033,-35.333],[0,0],[35.333,-0.033],[0,0],[0,0],[5.357,-0.014],[1.682,1.255],[0,0],[0,0],[0.033,35.333],[0,0],[0,0],[-0.083,52.985],[0,0],[0,0]],"o":[[0,0],[-0.033,35.333],[0,0],[0,0],[0.014,5.357],[-2.099,0.005],[0,0],[0,0],[-35.333,-0.033],[0,0],[0,0],[52.985,-0.083],[0,0],[0,0],[35.333,0.033]],"v":[[192,-112.013],[192,47.987],[128,111.987],[96,111.987],[96,166.287],[86.325,176.012],[80.5,174.087],[-2.3,111.987],[-128,111.987],[-192,47.987],[-192,-16.013],[-32,-16.013],[64,-112.013],[64,-176.013],[128,-176.013]],"c":true},"ix":2},"nm":"Path 1","mn":"ADBE Vector Shape - Group","hd":false},{"ty":"fl","c":{"a":0,"k":[0.294117647059,0.333333333333,0.388235294118,1],"ix":4},"o":{"a":0,"k":100,"ix":5},"r":1,"bm":0,"nm":"Fill 1","mn":"ADBE Vector Graphic - Fill","hd":false},{"ty":"tr","p":{"a":0,"k":[0,0],"ix":2},"a":{"a":0,"k":[0,0],"ix":1},"s":{"a":0,"k":[100,100],"ix":3},"r":{"a":0,"k":0,"ix":6},"o":{"a":0,"k":100,"ix":7},"sk":{"a":0,"k":0,"ix":4},"sa":{"a":0,"k":0,"ix":5},"nm":"Transform"}],"nm":"Group 1","np":2,"cix":2,"bm":0,"ix":1,"mn":"ADBE Vector Group","hd":false}],"ip":0,"op":149.850006103516,"st":0,"bm":0},{"ddd":0,"ind":5,"ty":4,"nm":"White Bubble","sr":1,"ks":{"o":{"a":0,"k":100,"ix":11},"r":{"a":1,"k":[{"i":{"x":[0.312],"y":[1]},"o":{"x":[0.044],"y":[0.888]},"t":0,"s":[0]},{"i":{"x":[0.241],"y":[1]},"o":{"x":[0.476],"y":[0]},"t":12.295,"s":[-6]},{"t":19.9800008138021,"s":[0]}],"ix":10},"p":{"a":0,"k":[318,635.963,0],"ix":2},"a":{"a":0,"k":[-142,176,0],"ix":1},"s":{"a":1,"k":[{"i":{"x":[0.047,0.047,0.667],"y":[1,1,1]},"o":{"x":[0.066,0.066,0.333],"y":[0.858,0.858,0]},"t":0,"s":[0,0,100]},{"i":{"x":[0.435,0.435,0.667],"y":[1,1,1]},"o":{"x":[0.473,0.473,0.333],"y":[0,0,0]},"t":13.986,"s":[106,106,100]},{"t":19.9800008138021,"s":[100,100,100]}],"ix":6}},"ao":0,"shapes":[{"ty":"gr","it":[{"ind":0,"ty":"sh","ix":1,"ks":{"a":0,"k":{"i":[[0.027,0],[0,0],[0,0],[3.203,4.294],[-0.005,2.099],[0,0],[0.033,35.333],[0,0],[-35.333,0.033],[0,0],[-0.033,-35.333],[0,0],[35.297,0.005]],"o":[[0,0],[0,0],[-4.294,3.203],[-1.255,-1.682],[0,0],[-35.333,-0.033],[0,0],[0.033,-35.333],[0,0],[35.333,0.033],[0,0],[-0.005,35.297],[-0.027,0]],"v":[[144,111.937],[-45.7,111.937],[-128.5,174.037],[-142.075,172.062],[-144,166.237],[-144,112.037],[-208,48.037],[-208,-111.963],[-144,-175.963],[144,-175.963],[208,-111.963],[208,48.037],[144.08,111.937]],"c":true},"ix":2},"nm":"Path 1","mn":"ADBE Vector Shape - Group","hd":false},{"ty":"fl","c":{"a":0,"k":[0.050980392157,0.580392156863,0.533333333333,1],"ix":4},"o":{"a":0,"k":100,"ix":5},"r":1,"bm":0,"nm":"Fill 1","mn":"ADBE Vector Graphic - Fill","hd":false},{"ty":"tr","p":{"a":0,"k":[0,0],"ix":2},"a":{"a":0,"k":[0,0],"ix":1},"s":{"a":0,"k":[100,100],"ix":3},"r":{"a":0,"k":0,"ix":6},"o":{"a":0,"k":100,"ix":7},"sk":{"a":0,"k":0,"ix":4},"sa":{"a":0,"k":0,"ix":5},"nm":"Transform"}],"nm":"Group 1","np":2,"cix":2,"bm":0,"ix":1,"mn":"ADBE Vector Group","hd":false}],"ip":0,"op":149.850006103516,"st":0,"bm":0}]}],"layers":[{"ddd":0,"ind":1,"ty":0,"nm":"Message","refId":"comp_0","sr":1,"ks":{"o":{"a":0,"k":100,"ix":11},"r":{"a":0,"k":0,"ix":10},"p":{"a":0,"k":[256,256,0],"ix":2},"a":{"a":0,"k":[540,540,0],"ix":1},"s":{"a":0,"k":[77.778,82.963,100],"ix":6}},"ao":0,"w":1080,"h":1080,"ip":0,"op":71.0000028918893,"st":0,"bm":0}],"markers":[]}